date,meantemp,humidity,wind_speed,meanpressure
2009-01-01,27.483570765056164,95,1.0384641055754362,1024.2648187510522
2009-01-02,24.308678494144075,80,0.8293906901476307,1017.2866302813671
2009-01-03,28.23844269050346,39,4.2231503479671355,1032.2988539868345
2009-01-04,32.61514928204013,43,7.123055075310814,1000.2298513718557
2009-01-05,23.829233126383322,80,2.3376357580865843,1003.3614228224018
2009-01-06,23.8293152152541,68,6.594292571934391,1033.316222846584
2009-01-07,32.896064077536955,57,2.968367310432845,1007.6673490651365
2009-01-08,28.837173645764544,32,8.917818033728405,1008.3019664192414
2009-01-09,22.65262807032524,99,9.009054470532856,1006.2427641450015
2009-01-10,27.712800217929825,56,3.3242284406726017,1026.4844595653371
2009-01-11,22.682911535937688,31,2.684940662650785,1002.4654238677488
2009-01-12,22.671351232148716,67,4.4073877346291965,1015.2245041227766
2009-01-13,26.20981135783017,32,2.7850500592114127,1012.3437817821946
2009-01-14,15.43359877671101,45,6.887646511271185,1025.3651558350443
2009-01-15,16.375410837434835,69,8.347614503208712,1009.3631733766836
2009-01-16,22.188562353795135,31,6.894375243656562,1019.1527257911328
2009-01-17,19.93584439832788,70,8.331329248868819,1003.2878382662273
2009-01-18,26.571236662976368,41,4.271425540971004,1037.739410386772
2009-01-19,20.459879622393945,64,1.9850112217341782,1012.6040767534629
2009-01-20,17.938481493323543,94,7.510534000277126,1015.0876348488537
2009-01-21,32.32824384460777,84,3.924507798844762,1031.5475435885055
2009-01-22,23.871118497567323,74,6.877072839676758,1009.1332722569479
2009-01-23,25.33764102343962,91,3.071117448826774,1031.6738234293862
2009-01-24,17.87625906893272,78,1.2716815306633904,1010.8852882586204
2009-01-25,22.278086377374088,54,9.929527057133752,1021.7169818382126
2009-01-26,25.55461294854933,52,1.9839143253406932,1009.2731835984071
2009-01-27,19.245032112888488,53,9.88999944265307,1001.4396355485527
2009-01-28,26.87849009172836,67,9.784159359381249,1019.1459435054062
2009-01-29,21.996806550405974,57,8.041271987126375,1021.3990340098353
2009-01-30,23.541531251033618,50,6.764518139778977,1001.8411425767376
2009-01-31,21.991466938853016,83,5.989166977385304,1011.9294168109129
2009-02-01,34.26139092254469,47,8.72796468108943,1027.0075896153692
2009-02-02,24.93251387631033,65,3.2496754553851352,1021.001189507966
2009-02-03,19.711445355220498,74,4.942971518606332,1011.0478499821595
2009-02-04,29.112724560515943,82,6.384204708981768,1009.0247429836554
2009-02-05,18.895781750144888,59,4.406309520760166,1034.4824432513478
2009-02-06,26.044317975023777,89,4.561121313857546,1000.5306793019714
2009-02-07,15.201649380601122,61,3.637704341269802,1014.4080142559139
2009-02-08,18.359069755507846,96,5.860202258503092,1000.3530312630605
2009-02-09,25.984306179345616,96,8.580458016143602,1028.1481464484427
2009-02-10,28.692332899977053,57,2.414519591059972,1014.9287638779166
2009-02-11,25.85684140594985,73,9.377113868157693,1016.7817408476943
2009-02-12,24.421758588058797,70,7.046332710608182,1042.688923096276
2009-02-13,23.494481522053555,92,8.321095520460286,1009.0652732426361
2009-02-14,17.607390048162863,52,5.783811579985111,1032.4857591405853
2009-02-15,21.400778958026457,77,7.905408663528603,1011.0926808559182
2009-02-16,22.696806145201062,61,0.6539037747249385,1012.664875424151
2009-02-17,30.285611131094576,86,8.274614035405584,1041.381752566206
2009-02-18,26.71809144784231,62,0.8813191613109819,1013.3890962273832
2009-02-19,16.18479922318633,53,8.954177075447193,1001.2562859570476
2009-02-20,26.620419846973974,68,9.923646098767112,1017.8191878812631
2009-02-21,23.074588597918417,63,3.2936408906793893,1013.27263174833
2009-02-22,21.615389998470206,85,2.49802628471504,1018.6709584173386
2009-02-23,28.05838144420434,57,7.770951956651387,1013.6640220667223
2009-02-24,30.154997612479754,66,2.9037502387424055,1037.1554461620476
2009-02-25,29.656400595580994,36,8.722842640135934,1020.5673583883594
2009-02-26,20.803912383886807,97,1.4770046254960287,1004.2503537227418
2009-02-27,23.453938120743928,66,1.6965743656039034,1016.2454680202385
2009-02-28,26.65631715701782,85,9.801939773455848,1007.0037017583296
2009-03-01,29.877725635611796,94,6.901469533565044,1012.5228615749704
2009-03-02,22.60412881077355,94,8.545428632075051,1005.8955928943318
2009-03-03,24.071705116680914,76,3.581129084839421,1036.0711852320603
2009-03-04,19.46832512996986,49,6.926595620445742,1008.0861538482178
2009-03-05,19.018966879596647,48,6.145297359431673,1021.8756435199414
2009-03-06,29.062629111970992,58,6.229926141167996,1011.7652057812337
2009-03-07,31.781200142854114,89,6.984058365608355,1003.415868274272
2009-03-08,24.63994939209833,47,5.9659121447264365,1016.976493028995
2009-03-09,30.01766448946012,64,4.576092508375327,1019.0069183708571
2009-03-10,26.80818012523817,72,3.1212655966151948,1020.5862653275451
2009-03-11,21.77440122697438,40,7.801522643675419,988.7778084545906
2009-03-12,26.80697802754207,78,2.6495880850302687,1002.651542863309
2009-03-13,32.690182832329846,67,7.077365908466935,1024.575547190219
2009-03-14,24.820869804450243,93,2.716661815168603,1005.7639303739121
2009-03-15,32.82321827907003,98,6.440636614567312,1017.0294405031011
2009-03-16,11.901274479551278,37,7.597243537725775,1002.4197530477121
2009-03-17,29.10951252187612,63,2.5777819446121226,1022.3160110215844
2009-03-18,25.435235341190857,77,1.0694613581824286,1024.3126959599558
2009-03-19,23.504963247670663,85,1.7442505584446537,1022.3190990617237
2009-03-20,25.45880388267751,94,6.256971189074742,1025.325568123536
2009-03-21,15.062155426995536,60,8.569740859144488,1030.6390014489953
2009-03-22,23.90164056081244,33,0.9274698017365315,1003.2592586839103
2009-03-23,26.78556285755873,79,7.474436960895639,1007.1132806884864
2009-03-24,32.38947022370758,98,3.7425271365254953,1023.975435703038
2009-03-25,22.40864890863176,59,5.046019514235464,1026.3021977183748
2009-03-26,20.95753198553406,88,9.324165723532873,1008.2565704642808
2009-03-27,22.491214782077318,96,3.653729294990532,1007.5611393467442
2009-03-28,29.57701058851037,74,4.920700872425117,1008.477865100695
2009-03-29,26.643755548298422,33,0.6299829402264705,998.9490503595605
2009-03-30,22.351198981164806,55,1.2751878400459644,1002.2858881782593
2009-03-31,27.56633716556678,56,2.9566201157804484,1002.5270735496985
2009-04-01,25.4853877467402,75,0.7645962878002068,1012.0590152619436
2009-04-02,29.843224952664446,93,6.4980655974583845,1017.7083651583396
2009-04-03,21.489734530613237,80,4.550784389615414,1019.3347283164237
2009-04-04,23.361689267011158,79,5.707379425916209,1009.9143774672432
2009-04-05,23.039459234339212,35,2.159148266015131,1010.1601288371912
2009-04-06,17.682425259339407,88,3.311354279647853,1016.2366149515126
2009-04-07,26.48060138532288,44,6.806332511100889,1000.0398544285057
2009-04-08,26.305276360899448,59,9.670375874488798,1024.594405320831
2009-04-09,25.025567283212304,71,0.9789593492209874,1027.8538527901428
2009-04-10,23.827064333124266,66,8.958651048125027,1008.7441936231196
2009-04-11,17.92314628974793,71,5.98037141245648,1011.0156384065122
2009-04-12,22.896773386173205,64,5.857235884178425,1027.4331222484516
2009-04-13,23.286427417366152,35,5.2526460844737235,1013.7694840901011
2009-04-14,20.988613653891903,97,1.1592438160897423,1020.8824544595163
2009-04-15,24.193571441669953,47,1.3538300914935264,1014.0769460619923
2009-04-16,27.020254284072692,58,6.208664053761318,1030.5630738848026
2009-04-17,34.43092950605265,88,3.739106428637804,1019.900796282515
2009-04-18,25.872889064159196,76,9.214046632487966,1020.4765577191919
2009-04-19,26.28775195361382,46,4.362610104914987,1020.6630653873359
2009-04-20,24.627770421169163,51,1.8611738576750902,1009.4488626367229
2009-04-21,15.406143923504793,97,7.289828918269342,1010.3676086307746
2009-04-22,24.867430622753915,98,3.2868575036895935,1022.6924563955997
2009-04-23,25.301151049705133,66,5.491967919880985,1016.2641282943362
2009-04-24,37.316210562426434,78,7.129411462299116,1003.2238899218822
2009-04-25,24.038195176094387,42,9.05250905641967,1033.7310442462478
2009-04-26,26.507736711668063,63,8.025816350615923,1024.780718672971
2009-04-27,24.826441151473784,82,6.925430144790879,1015.3762632384502
2009-04-28,19.15660981190234,80,6.956515232753864,1012.2649901820004
2009-04-29,30.714114072575104,32,9.486284118304821,1016.9867585753009
2009-04-30,28.759665163433873,71,3.3103289262170925,1020.1752009915742
2009-05-01,28.955159735215233,61,0.5105648948637804,994.6699926432996
2009-05-02,20.453062726026303,80,3.0835683142828874,1036.1234970948576
2009-05-03,32.013971554680495,75,2.569968106454068,1007.1011569083308
2009-05-04,17.990744686038596,50,6.787428558582983,1014.9809436701124
2009-05-05,27.934285469001352,73,6.520260197772526,1015.3486688277915
2009-05-06,35.952278129049894,40,6.137883135694876,1034.9685021868886
2009-05-07,20.04731837434656,97,0.6543127104898101,1014.118761589933
2009-05-08,22.16851135198614,30,7.423391517281151,1030.8850729435362
2009-05-09,25.498256825438204,92,3.5735389186121695,1019.0672746946111
2009-05-10,22.482621729419005,53,6.818031895562996,1005.3811513779405
2009-05-11,17.246682844669337,42,5.787495070770457,1016.3470746810281
2009-05-12,25.342814874030136,40,3.755943791565118,1013.8149127828509
2009-05-13,19.688481431369475,80,1.7784745374890236,1004.1592951509577
2009-05-14,27.36796215317591,46,1.396979527774569,1018.5772276947224
2009-05-15,20.402878828830985,53,8.399424164566124,1015.2210274984985
2009-05-16,32.7496720250877,48,9.224776649774801,1020.5642170545854
2009-05-17,21.083733538318814,66,6.672986444260846,1016.9335277959832
2009-05-18,23.38969241897162,37,1.482624091174592,1008.4889710298593
2009-05-19,29.067586086848348,57,4.319258560438287,1022.6833399229032
2009-05-20,18.845678417830225,34,7.424922400998994,1008.7560171974642
2009-05-21,26.137299673020646,46,7.908298398095647,984.0032947721672
2009-05-22,31.53571377141214,65,1.6230769117653416,1016.2865294795422
2009-05-23,16.96258382719386,48,0.5002918290311329,1009.4592627276601
2009-05-24,25.92316929266152,93,7.265301935865748,1018.8213050439664
2009-05-25,26.299413971242117,40,3.8876636718689537,1034.9887173593972
2009-05-26,28.90911435888655,83,2.9175726503734722,1035.2773969314806
2009-05-27,18.81524644560959,74,0.6225259630004917,1013.3487707777816
2009-05-28,18.397716934578618,76,5.632844364234247,1006.7348482875394
2009-05-29,27.60970782808449,41,8.585931986546827,1020.8468328191792
2009-05-30,26.48492336616593,50,9.597500639589585,1011.2977440813364
2009-05-31,26.252464251729382,40,5.874577030826248,1018.9177652234695
2009-06-01,26.732241047484877,34,5.387382613528994,1008.3913923777314
2009-06-02,21.599876392107547,85,1.3080356621477904,1017.5069241602275
2009-06-03,26.161268485805017,49,5.714291614654698,1006.8802584770652
2009-06-04,26.465362366493405,70,4.109801250171249,1026.8425341603147
2009-06-05,21.42824290986816,75,6.2677851683939805,1009.1002230924739
2009-06-06,34.328872555723784,41,4.192900304827194,1021.6110253573497
2009-06-07,27.36916460455894,99,2.782841672778484,1002.3523271681448
2009-06-08,19.043482513986756,46,1.4021701146695769,1022.8117385661069
2009-06-09,28.28276804316915,48,3.4917252235945093,1005.336159307318
2009-06-10,20.126591648863393,55,1.4181259257336467,1017.611768069745
2009-06-11,28.93542301871226,77,2.1805210328278473,1025.2320097334798
2009-06-12,30.79297789503702,81,9.879693506505687,1013.0001710144322
2009-06-13,20.89658840824145,99,4.718983790612877,1004.7083308925406
2009-06-14,29.81688064622161,84,5.552781781797657,1019.9681250713592
2009-06-15,27.06390463468249,62,8.799376023003546,1006.5901860101345
2009-06-16,29.11030079997245,91,9.957904554661534,1010.9575440080278
2009-06-17,34.48396491326974,52,6.035787268774475,1017.6546265949572
2009-06-18,23.773059419985646,44,8.21850129991963,1028.606760361077
2009-06-19,21.23131917821255,56,3.605939731198415,1015.2655335379947
2009-06-20,20.552427851872384,93,3.4045675957492656,1015.2285750984512
2009-06-21,20.920948575172808,80,4.325685349448322,1022.3751289362285
2009-06-22,24.614491452929478,82,6.888818995399666,1015.5037189667299
2009-06-23,26.70575987408322,80,6.980821047923438,1021.355301998329
2009-06-24,26.383453996650097,76,3.4947746291697825,1025.7853354606295
2009-06-25,29.13591624518012,33,1.7654942792979726,1011.72262849732
2009-06-26,25.065009459389536,36,6.507764436422331,982.2498936608655
2009-06-27,32.26767038578659,64,1.7190956907932629,1006.8207290641453
2009-06-28,23.67671583381022,77,5.995678828178636,1027.086820108353
2009-06-29,38.600845832948096,74,7.087510216534936,1014.6623521860234
2009-06-30,28.12833673882503,48,7.155809215747291,1011.608697290721
2009-07-01,20.714212217918586,92,7.657985051266169,1026.6678499320321
2009-07-02,19.64553750969444,67,8.792164504873814,1013.986750837701
2009-07-03,27.412362076215928,96,5.24961042366549,994.0746679425084
2009-07-04,23.882686073370746,88,7.437367300530926,999.9469793899166
2009-07-05,28.57000247046046,98,6.3821409859754485,1019.1864802081691
2009-07-06,27.366188122867726,42,2.2730794280779842,1014.3310905840527
2009-07-07,24.635855436715637,76,0.7440516262593776,1029.5465647882922
2009-07-08,20.766031409657977,90,3.203143163930871,1007.6673131619582
2009-07-09,17.425763876570677,60,4.708820210207384,1011.9049923799621
2009-07-10,22.767425239664895,51,6.362506472072234,1006.1549692693998
2009-07-11,29.28199397161736,72,8.574613639780452,1009.7940582231955
2009-07-12,26.07046872065102,96,2.3643343087085738,996.0809609874638
2009-07-13,18.771306106440058,83,1.6927230040355323,1011.1431533594947
2009-07-14,25.86590462925591,39,9.653059501006112,1014.481311362301
2009-07-15,26.926586898644185,71,1.5264233140758676,1013.6366915753432
2009-07-16,20.580712818994336,93,5.045665166018297,1036.495532637328
2009-07-17,25.76862552972764,50,6.062855423536368,1033.3348457717698
2009-07-18,25.29104359223,95,5.643056998620663,1007.4910052903891
2009-07-19,19.285148510846884,70,1.3173054918129603,994.560633053474
2009-07-20,26.788936801741418,53,1.041755683034384,1014.0079964706845
2009-07-21,27.80392263184117,64,1.5020925608798388,1018.7651013817062
2009-07-22,30.415256215876383,85,6.063082996789819,1006.3951592661716
2009-07-23,30.269010260174515,59,5.67127643252605,1006.8902436607427
2009-07-24,18.111653160214544,86,2.72053752434907,1030.8255496931254
2009-07-25,20.310874800424386,76,6.55885434753312,1012.424484288547
2009-07-26,27.5751763360433,64,8.290641269528669,1021.6225018569573
2009-07-27,27.568929754561044,48,0.8950001185426408,1005.6969430214556
2009-07-28,27.575238431530238,37,5.232234463706403,1014.430595412752
2009-07-29,44.26365745327361,55,7.048448914975558,1011.6366164636548
2009-07-30,27.854452553465833,59,2.8969633071620273,1008.2462676119671
2009-07-31,30.677828200902994,36,3.4238236002849165,1026.553004115217
2009-08-01,29.770008817466014,96,6.329560078399147,1001.1112299036698
2009-08-02,28.25695625652899,94,9.0303852877155,1018.0005682551129
2009-08-03,23.42365377679827,65,8.194281992877544,1011.448783445095
2009-08-04,28.794846102466337,54,6.039737081446043,1019.1482448203587
2009-08-05,21.13587392731214,66,7.437106318693868,1011.5842336778164
2009-08-06,23.815906966299956,30,3.9658134669740877,1023.6719306191894
2009-08-07,22.573182260854484,44,6.5891725169381985,1005.6029740174785
2009-08-08,25.409370696931614,66,4.928725115711791,1026.575531916753
2009-08-09,36.573292833367546,42,2.3043932963468285,1014.7119730532557
2009-08-10,15.66367403704126,37,7.166513601833943,1001.7149747098488
2009-08-11,28.43130095187257,34,5.786414054813809,1021.8021545590283
2009-08-12,16.936420644051744,89,3.9069050285591183,1013.0115025648234
2009-08-13,22.640340671052833,30,9.157722305746992,997.9216207386046
2009-08-14,30.444752984836832,65,0.698874119353966,1018.3246808375887
2009-08-15,25.321400095477316,64,3.499844936870212,1025.065957152777
2009-08-16,19.61127611035347,95,1.0403732788876423,1027.8213574036013
2009-08-17,21.42348145370016,92,7.782009504105458,1011.2164811740023
2009-08-18,28.39798874467338,52,7.170020814081029,1016.4531805532574
2009-08-19,21.34816684141432,38,3.6478460779950117,1015.5053634279291
2009-08-20,26.082292947909874,63,6.918797570967194,1029.8980263157134
2009-08-21,25.22785919951907,75,4.261403648861524,1006.8951141762668
2009-08-22,21.741998261970913,33,7.684411018513126,1010.3534054779545
2009-08-23,35.719720446626624,59,4.814744795998708,1006.652796905502
2009-08-24,28.169595111590056,32,4.416657414400823,1000.5084947688712
2009-08-25,14.874287066711965,43,9.379934197138859,1017.4778718105208
2009-08-26,25.93227157384714,89,2.883351448961652,1031.012983317776
2009-08-27,21.69106767615806,74,1.6442497299673715,1013.0151554148493
2009-08-28,29.26216667398112,63,6.053159575964853,1006.1810337845686
2009-08-29,21.037396307836495,74,9.708557216699699,1016.8685970223207
2009-08-30,24.426317792665504,90,4.089472530408273,1020.8911817877265
2009-08-31,27.524936394902287,45,1.0893492544734245,1013.4363686256343
2009-09-01,29.328775970850607,95,3.723400039440891,1029.0353533195419
2009-09-02,18.998517964721117,69,5.306350716035805,1006.8763810571248
2009-09-03,23.327493820795258,46,2.03826856300603,1012.1303036348763
2009-09-04,22.62527344419522,63,6.7519710715366745,1017.9598790484296
2009-09-05,21.73335383713144,45,9.978619195596906,1018.9296375261782
2009-09-06,33.82727120140548,89,4.791525021823716,1015.4722809229816
2009-09-07,27.024908554804778,95,3.8699212889370203,1002.2158007764285
2009-09-08,18.695580228324772,95,4.306689584927433,1038.3801140420633
2009-09-09,29.58930973527388,42,1.5938886947544109,1012.640300849539
2009-09-10,35.610780985063165,85,8.891099213549126,1016.1026751858466
2009-09-11,30.162326302755734,60,4.440843727452844,1021.1676109317298
2009-09-12,17.403150170229935,63,4.179106908535992,1008.6349463735047
2009-09-13,22.578829635668743,68,6.767057592839506,1015.5692642087078
2009-09-14,31.334555745933113,96,4.699317498845674,1008.2280976234671
2009-09-15,21.461652671906094,37,6.658217953674537,1019.1555074147423
2009-09-16,27.219097140731144,84,1.0837397562424813,1012.2397735144443
2009-09-17,28.873170267146683,56,8.230371765361161,1017.6871852730467
2009-09-18,20.365347642109583,82,9.434787552354324,1004.534626535144
2009-09-19,24.702373219691,68,6.663271168514166,1006.710835659938
2009-09-20,8.793663299654636,94,9.568376324158702,1001.348593231432
2009-09-21,19.878061793328552,46,1.9386069865146514,1007.8946992067379
2009-09-22,23.7371592430342,59,5.03545380006336,989.2647575630186
2009-09-23,18.761084090175753,82,6.217163972481749,1011.9289979431218
2009-09-24,33.16205651965818,42,6.026498150501274,1009.6575972803707
2009-09-25,17.849293110196836,50,4.313886901345911,1016.5091096362507
2009-09-26,22.799777566515083,48,3.7118018889794833,1015.4460772443429
2009-09-27,25.653702886430455,82,1.7048282142289786,1027.5707976848107
2009-09-28,32.20636644533058,48,4.221553280341643,1040.9431018477412
2009-09-29,17.8206892441028,86,2.045277743502109,1026.3753901315063
2009-09-30,30.815818760774796,54,7.476473926676075,1010.4689241062491
2009-10-01,25.051165305097935,60,2.4838938871986045,1010.0660925029011
2009-10-02,20.092456744760245,84,1.0563704002030716,1023.6866304235572
2009-10-03,27.310517371316354,52,5.747478309263726,998.1665530542717
2009-10-04,25.99529847786735,61,6.154682460834315,1011.8479707383652
2009-10-05,21.998915614206027,91,8.783174082164802,1012.6184706495615
2009-10-06,25.349010424950094,39,5.981325317967977,1020.8413148481881
2009-10-07,23.0734320156912,83,3.7820681103727343,1021.1386634614078
2009-10-08,25.56758672625624,81,8.128612874500046,1007.5543945960698
2009-10-09,28.310653372605234,49,5.6326494852805,1010.8562733829482
2009-10-10,32.93008408072676,61,1.2531627039963216,1019.4510425483271
2009-10-11,18.810922505865754,43,5.875580322975843,1007.0107934408123
2009-10-12,35.665166873281336,79,9.126176181505793,1027.061184347743
2009-10-13,15.239561002387491,57,4.264969942233096,1021.0917523344024
2009-10-14,24.241074524822082,82,3.3150951180481005,1016.7150954819484
2009-10-15,27.941586032422883,53,1.8629598416711906,1018.9094059828092
2009-10-16,26.404959338675162,51,1.9387324583858945,1010.331093830592
2009-10-17,21.88650240089703,59,4.6113291012472795,1008.7370857781239
2009-10-18,23.959388748213623,92,6.1589583295345305,1010.7527778386128
2009-10-19,22.534995326705836,33,1.2658463491112166,1019.9996669225985
2009-10-20,22.053176215278942,88,9.425901595739074,1017.0101498070866
2009-10-21,29.248010485105123,37,7.6737693657293615,1010.7728554030729
2009-10-22,26.785077429825236,41,6.072927223694795,1022.4958174330766
2009-10-23,21.535452023696728,60,8.370167373920413,1013.2605357766384
2009-10-24,29.497999377166252,63,1.2617741897150763,1008.0668925441083
2009-10-25,26.536497604383047,78,5.0299693384646815,1017.5434150929852
2009-10-26,29.0643105941948,86,6.485884705185803,1004.8697048837716
2009-10-27,28.14814420961806,55,8.372202608123747,998.127762500643
2009-10-28,20.855024945389637,47,7.942960820468043,1014.9489542443473
2009-10-29,22.199094799015153,67,3.1321578722772965,1008.4258620628912
2009-10-30,28.736468025616308,79,9.438361610812441,1012.4584564733015
2009-10-31,28.051851327167324,37,1.6812854935932684,1005.3326708185555
2009-11-01,24.89549203017926,70,8.813769376900945,1027.0893213970257
2009-11-02,25.58663691654391,35,9.723932371243876,1008.3850725607186
2009-11-03,31.388324478942124,98,2.1829584706149427,1010.6800062182919
2009-11-04,22.04214305582085,73,7.35962760993596,1018.7788326758323
2009-11-05,27.735486905850188,93,0.8827124283909854,1001.2338570167732
2009-11-06,23.98903673783053,58,4.351516838821972,1000.494502267513
2009-11-07,23.9115939838639,57,5.4046913423779035,1018.8095283569342
2009-11-08,30.49388425993595,40,6.016129646141524,1010.5505236953783
2009-11-09,29.12708174494015,94,9.391403858361315,1005.9850489310585
2009-11-10,29.067548180003193,48,6.88638152929485,1021.0337317294732
2009-11-11,31.527394035771646,38,5.072140536582752,1006.88078340892
2009-11-12,25.105019208163796,56,8.191912844525948,1012.2548770045107
2009-11-13,28.40976485647482,63,9.530061799066885,1006.0386953202749
2009-11-14,23.44866621703272,73,0.709628412481763,1018.0343718624982
2009-11-15,26.62083176244221,97,9.833952086432367,1028.3207619271677
2009-11-16,24.349284728161578,44,1.3182553211049632,996.3896007066788
2009-11-17,25.48497982496359,80,8.236674403053232,1016.1265768875064
2009-11-18,27.97578512718457,42,3.1631801492384186,1023.5658844188636
2009-11-19,20.908896583832636,78,1.7557067486617817,1010.7852225269422
2009-11-20,35.4619363784273,99,4.678628577281431,1003.6895762570412
2009-11-21,19.96991309250149,85,6.617587504752328,1019.209635271274
2009-11-22,18.92905693606134,80,4.119042527723012,1025.016535033771
2009-11-23,30.790554367500338,66,1.01837137868564,1023.9052217764547
2009-11-24,28.95831346981468,46,6.1948808267578075,1018.6590933791483
2009-11-25,28.120599085260775,87,9.07283112305141,1015.9791373760864
2009-11-26,28.1417275463214,58,4.140545976498891,1006.009874446157
2009-11-27,24.938766135765427,62,2.555161387492857,1023.6524495034395
2009-11-28,20.51372814257084,89,4.704484786361746,1023.099568133525
2009-11-29,25.37902279096863,84,0.9594457549634183,1003.6194168134473
2009-11-30,21.61419144243944,39,8.29463205256261,1018.6447972784649
2009-12-01,29.875598667088756,76,8.350237704026775,1021.5282387551979
2009-12-02,24.264713092489306,52,6.08600440258147,1023.821137720755
2009-12-03,20.872514016037442,50,3.8544774449147,1014.2501038087278
2009-12-04,23.393070791735035,42,8.097941962234941,1006.4243242585386
2009-12-05,27.06465727137812,62,5.769526735489488,1009.9788382013595
2009-12-06,22.181377235980126,53,8.346356931225154,1004.9275014154404
2009-12-07,20.888898022167844,40,6.498858529538696,1014.4893933488502
2009-12-08,26.218436057459563,46,7.951851995521574,1012.5311460343131
2009-12-09,26.224832855543614,97,6.1863484355687195,1036.450364207687
2009-12-10,22.46528412314435,76,4.434340148048829,1023.9467714243813
2009-12-11,22.644808471908387,54,9.600485669298306,1024.695480668891
2009-12-12,26.16024968678818,50,5.640581336349025,1019.7135249082772
2009-12-13,17.75957829251338,41,6.248350426135115,1011.3268235333148
2009-12-14,17.962681128117225,66,2.594632574440118,1012.2461004118193
2009-12-15,21.40777889373782,71,6.443682499559126,1013.1613070018338
2009-12-16,23.932764241440765,46,5.930272670087967,1016.8823327270113
2009-12-17,26.554537827990025,77,2.255964780496737,1018.8916981022345
2009-12-18,32.37678108474776,57,1.0660774248548652,1015.0070862768052
2009-12-19,29.288298116010097,70,6.241413537290326,1012.0940152265687
2009-12-20,24.200307350182864,76,7.755076558828045,1009.0588436951201
2009-12-21,24.904918960486555,47,5.472313023759078,1001.0735124221675
2009-12-22,19.987353176810956,42,2.654339940536634,1027.8337916504665
2009-12-23,24.90743432003805,42,6.831958778583831,1037.055295682654
2009-12-24,23.55670680539931,60,1.2610044027912213,1026.9933678092825
2009-12-25,26.613592801690448,31,4.697420195618569,1002.4093437406925
2009-12-26,20.863845282238387,45,2.0519842047849917,1022.8701656964089
2009-12-27,27.596732571205862,38,2.2523609850688917,1025.2377630162082
2009-12-28,32.66369456501289,67,2.4217925170029346,1010.9656230137864
2009-12-29,24.456199257715713,83,4.17371704191779,1019.8892723963903
2009-12-30,27.008558610494706,85,0.9859269533937774,1010.4369696747738
2009-12-31,28.450719958555563,74,4.279037688826433,1030.2892899481374
2010-01-01,22.993897640570818,63,5.361220747589658,1018.6537092221531
2010-01-02,26.120462409052084,38,5.091295707180089,1005.8284450862895
2010-01-03,25.062962003908975,37,4.136448953828886,1021.6980809800934
2010-01-04,25.48838049274416,36,8.47189277667215,1025.5878067349024
2010-01-05,21.13495108072267,65,1.8806035779947892,1016.9813165113587
2010-01-06,25.122550871294713,47,5.304119065923053,1019.7944169174327
2010-01-07,27.489991456227248,32,1.0893934610872658,1014.302465707712
2010-01-08,32.25571803897521,57,1.1759789493401427,1003.6571954685377
2010-01-09,29.796354130426035,99,5.951725571932415,1013.482662415795
2010-01-10,35.76591228755778,73,5.877175036434299,1020.2303963296356
2010-01-11,21.163262185559752,50,8.841318372022341,1013.7197313201676
2010-01-12,29.361603183603393,57,5.799799918770695,1023.0076542673959
2010-01-13,25.91671002869176,83,9.618014693846076,1011.0781843880242
2010-01-14,35.94901466608836,83,0.9626010597993329,1011.7340917254917
2010-01-15,20.958508573224243,94,1.4310730054170402,1023.311199979939
2010-01-16,20.801390789096118,50,0.9186256849186232,1017.2185251680304
2010-01-17,22.00303677277989,42,2.26013007816863,1010.8827841884441
2010-01-18,14.380521378450965,86,5.642066053945942,1025.3380537600863
2010-01-19,22.371224891596196,78,6.632935723560566,1008.1126428204947
2010-01-20,21.20433669223151,83,0.9330590005123536,1007.7305104098265
2010-01-21,25.75196893238104,39,9.486723453533193,986.7055118893593
2010-01-22,26.708779878885796,82,8.50057107817862,1009.4603145142255
2010-01-23,34.38085419607943,73,3.3178185804923848,1028.087166789223
2010-01-24,29.75211919093025,76,1.2332815371514456,994.2770731382756
2010-01-25,22.115481721687985,82,2.113927195581044,1005.4807985977078
2010-01-26,20.50792664325821,75,1.7059719306722405,1019.3906855589017
2010-01-27,27.459595857532527,42,1.671195903339995,992.5513322610727
2010-01-28,18.398833964896788,66,5.426336042324472,1009.8930138649024
2010-01-29,34.157293829271765,53,2.8355507036873027,1026.4086321561074
2010-01-30,30.897200603606436,31,3.902327307026872,1035.43025801849
2010-01-31,22.654121739476476,43,9.900300667151063,1017.9024656566703
2010-02-01,16.434327354545612,39,7.000985364790775,1005.7353298175889
2010-02-02,31.769361870827062,64,9.515316336946512,1005.3987126135172
2010-02-03,24.42730077373691,54,1.8542872728145983,1016.449079693309
2010-02-04,31.189081559867308,32,4.130325010909408,1017.809633211651
2010-02-05,17.027861706028165,46,5.769952131182365,1033.5792876005826
2010-02-06,22.003124885231134,41,1.2292015879430112,1024.708048525372
2010-02-07,25.026218498590914,83,0.5397807144655997,1015.8410648788849
2010-02-08,25.23490296882371,53,6.869126171070716,1011.6479274674058
2010-02-09,22.74967264260378,58,6.597285409613636,1045.1471170930222
2010-02-10,28.114249661737492,72,4.402493694996312,1021.2659479999589
2010-02-11,19.661897853087027,54,5.15161872230431,1008.3124828642245
2010-02-12,24.288102574893532,89,4.446708505624851,1012.7537707640852
2010-02-13,25.601478158559495,94,0.7280479260264441,1006.225452599969
2010-02-14,27.572194170293745,57,3.686030259065893,990.9545047414961
2010-02-15,28.55807439044445,45,2.1822814262742534,1018.1265099120732
2010-02-16,19.376789540810655,76,1.435029796463003,1032.8245421655731
2010-02-17,17.32942914632189,87,9.588844121948823,998.694427977527
2010-02-18,31.388384109492545,56,6.193917387900573,1015.5526259587901
2010-02-19,26.661570059897958,82,7.422234700247725,1007.930952208624
2010-02-20,21.25756731721723,71,3.4959555610281163,1020.2150252556985
2010-02-21,32.75575987761262,88,4.234897730193144,1013.2766984327543
2010-02-22,25.578373171464293,76,2.750777942018873,1001.399453455824
2010-02-23,30.896485920319133,63,1.4211738741715352,1005.1889628605027
2010-02-24,25.337592407050543,66,2.200800555695046,1006.6969946801579
2010-02-25,35.303739624409936,35,8.076383430316614,1028.443182079872
2010-02-26,33.77670421221602,36,6.9366851492458705,1027.9325927693014
2010-02-27,23.75517925760463,54,5.69582432186203,1011.886521128873
2010-02-28,29.85785475477178,62,5.013353792234296,1027.2780343345134
2010-03-01,28.226879747925736,84,9.263125694733182,1013.2681616060382
2010-03-02,31.843157787661745,87,1.1909820038973498,1011.7333724154981
2010-03-03,20.17538269709948,36,3.1657077257602015,1015.5711784055118
2010-03-04,28.430257299992196,86,3.8244096089217834,1017.8482527862363
2010-03-05,30.29212243424794,41,7.933045216021484,1009.44555207135
2010-03-06,16.20630256788443,45,9.928888891538728,1015.2186574218222
2010-03-07,19.083707436671126,72,2.786369890192954,1022.8732250564652
2010-03-08,14.803839111199498,36,8.805919674302267,1016.2953963920605
2010-03-09,23.652965827777212,80,8.390916224102018,1015.4278290212432
2010-03-10,28.58771127897981,61,2.634245277596783,1019.941802142808
2010-03-11,32.51178526048014,37,4.293659511892614,1021.6670606085861
2010-03-12,25.370473902098876,74,4.391892258278931,1014.3738418138707
2010-03-13,33.14307772785646,88,9.793096351002305,1010.2581894292185
2010-03-14,18.099492708925542,33,2.218473063099534,1016.8920330347423
2010-03-15,16.483087803224226,96,8.09200072549543,999.060362701767
2010-03-16,24.722261505516904,58,3.674830784644544,1012.8967800449615
2010-03-17,26.920327244696537,58,7.443268284873524,990.2844009168574
2010-03-18,24.836526259529535,57,4.490104540808797,998.242082165635
2010-03-19,14.662789499800617,73,5.9944177496071305,996.7381415058329
2010-03-20,24.55439980243606,33,8.409811846598245,1025.4735174245304
2010-03-21,18.477652497475734,38,8.1395728673469,1015.1398181596933
2010-03-22,28.348362744150194,34,8.731020243627151,1002.3795097678367
2010-03-23,26.83299123048424,85,1.0663645907742607,1019.9106604344536
2010-03-24,20.300601068363225,79,7.074480253877576,1024.8865447936653
2010-03-25,22.430665413316532,44,1.8298800788567473,1020.0848555614738
2010-03-26,19.70393239055524,61,4.450276396174905,1013.1128987150742
2010-03-27,24.68660451363414,57,5.711589943019541,1017.3248661841936
2010-03-28,29.775711602506192,51,4.326025105094892,1024.0149653314272
2010-03-29,20.07136976832228,46,5.436310920128571,1010.3075416233735
2010-03-30,27.520232577589223,88,9.966999933586882,1015.2986692325783
2010-03-31,22.348711908137794,86,1.78456448027212,1012.4280695539356
2010-04-01,21.03563583868828,55,6.916832430696043,998.8658414734751
2010-04-02,24.464848200227213,54,4.262009180663345,1024.165681806443
2010-04-03,19.82378838790313,39,1.7635930896196235,1035.57271864994
2010-04-04,22.23175347326409,74,2.0079992520559404,1006.2620537875881
2010-04-05,19.010610537055758,40,9.51809450933336,1024.626802348863
2010-04-06,34.82362566458195,82,8.856214218761739,1006.5800622023839
2010-04-07,25.176317759858645,97,9.116898623942708,1016.3278781507706
2010-04-08,21.50137246003707,57,9.919561370360173,1030.0801227378977
2010-04-09,26.06989955367111,94,2.4789962050809207,1009.7956101460788
2010-04-10,24.43835975154585,78,3.8766737049585864,1014.8531358560813
2010-04-11,23.895152002333884,76,6.857580784286234,996.9849700349192
2010-04-12,28.070833500217127,81,5.0961241286761485,1008.3579565605377
2010-04-13,28.787538550236526,83,4.474700567094168,995.937276779993
2010-04-14,22.34749426194736,89,3.899206868688134,1019.29178119875
2010-04-15,22.1209087967766,86,6.140916003462796,1023.3163755895158
2010-04-16,23.62474151424178,76,5.968137572080779,1012.783651134292
2010-04-17,13.490394176322075,60,2.0338494236102806,1017.858869672568
2010-04-18,17.42404468900724,75,4.981528456425171,1011.7426954474955
2010-04-19,31.834371337222624,55,5.7579818739935735,1022.4054536587444
2010-04-20,33.22483856750642,34,5.91772591794821,1016.294619351252
2010-04-21,23.75481980221811,81,2.496018332667342,995.1433664419644
2010-04-22,27.882784815278832,83,7.551578226396725,1024.3998081809282
2010-04-23,26.556250772717682,62,0.7393914008001615,1011.1045720541684
2010-04-24,40.39440404227619,79,3.8709026276600453,1002.296205287916
2010-04-25,30.597874557172883,67,7.912020161088519,1010.61066027656
2010-04-26,24.360412042596167,56,5.856982750026322,995.9793035145356
2010-04-27,20.22229779699787,44,2.9810431088531724,1002.5011068876096
2010-04-28,16.96776839871214,90,7.102054633758954,1016.4294961011539
2010-04-29,26.017318179336115,50,5.890213969482697,1017.2671168634057
2010-04-30,21.218246273578483,75,8.064314289835679,1018.0643883425516
2010-05-01,17.88873145201163,98,7.482739268803322,1015.032098677635
2010-05-02,21.767135578787368,35,6.296025259344229,1008.0713487652799
2010-05-03,19.592259981928024,67,5.137687915452733,1014.4554086053944
2010-05-04,33.43570817536282,91,1.7652301938414725,1010.6279255305211
2010-05-05,29.408198784747253,91,2.9826636699111457,998.7421840192482
2010-05-06,24.960136793416915,75,4.48144499271231,1007.2758500898941
2010-05-07,32.39972069445013,42,6.1933432265606925,1023.8954123116903
2010-05-08,25.38684153823809,32,5.380224624545396,1030.8829415205494
2010-05-09,20.69357899335868,35,3.23775299661553,1021.5127504411869
2010-05-10,32.61562038634828,37,0.5614113990022502,1030.436977609924
2010-05-11,27.694550218423295,73,5.214272608057732,1015.8538861013495
2010-05-12,19.81376922836772,62,3.2134468913413095,1032.4237608470253
2010-05-13,24.04830660958196,79,7.4787788567500835,1035.5448844032858
2010-05-14,20.621908733076214,40,0.7274895200695932,997.6653050196381
2010-05-15,18.086001345178317,57,6.055864207405013,1017.2149330713283
2010-05-16,29.630887737658206,99,9.444005256307621,1015.8643018908754
2010-05-17,34.54708320235065,70,2.1568880375592454,1010.758961844159
2010-05-18,18.007162130904295,45,4.980670162130656,1019.9191553815139
2010-05-19,27.814846183452854,97,1.3685089222628126,1015.4112506864187
2010-05-20,21.746787154390866,77,6.44397816648285,1007.6455107960795
2010-05-21,22.56437308117652,85,5.730050965664143,1014.7339489496302
2010-05-22,22.038030378805654,93,4.369972480021907,1027.0459457936838
2010-05-23,20.68004615160092,88,5.4530817040005415,1016.8253809688267
2010-05-24,25.242608139724133,91,9.017459255455597,1021.2695474825613
2010-05-25,20.84524941794481,40,2.364795871955137,1012.2294689972091
2010-05-26,26.352284128899193,47,0.7143628612007987,1019.5206401015162
2010-05-27,24.748809452754315,48,8.685816404641459,1002.9078546951682
2010-05-28,23.80525976566795,84,5.982612282685111,1010.0027950058021
2010-05-29,20.46218168979201,55,8.961255326887503,1013.9733139143407
2010-05-30,22.116143347158335,35,6.17097962242514,1002.2366407937346
2010-05-31,28.77695612912878,33,8.196530354617174,1006.6978328110773
2010-06-01,27.504585938121902,58,4.581896951873905,1018.1311176857389
2010-06-02,20.112223776007244,88,7.623669347238553,1016.2983191628804
2010-06-03,25.49666152714613,46,9.173893935453632,1023.0636542465771
2010-06-04,28.756935616858947,72,5.93516815536096,1008.9948898181484
2010-06-05,16.652973594393142,95,2.2174589303426053,1015.5760222600525
2010-06-06,27.716800961899676,63,3.0535773427868826,1008.2813258911617
2010-06-07,21.686881205270765,37,2.387123480525355,1022.0612854910933
2010-06-08,27.852993342965796,42,2.8451417621594626,1026.9074611602525
2010-06-09,21.183704217287417,37,3.4109467688348456,1019.8332482725281
2010-06-10,15.975589496677404,94,5.7737709741552905,1025.611942762766
2010-06-11,16.862287810584185,72,6.085920479906411,1015.3249986288786
2010-06-12,25.24042473330691,68,4.5517475987976805,1023.0559383499517
2010-06-13,26.29861250860741,88,6.346497408297936,1015.7541774261246
2010-06-14,20.478416874477958,73,1.2749617933079762,1004.7507193341423
2010-06-15,28.19296229388687,38,1.3339882520525197,1017.4672138869861
2010-06-16,16.6923996886552,66,2.1323798733977553,1005.0470330620949
2010-06-17,24.66960100676342,65,5.421736231383275,1038.391289515689
2010-06-18,18.944919001187717,57,2.532949447633979,1011.6591184122467
2010-06-19,21.740819460989204,71,3.1912018331794845,1021.4503785544899
2010-06-20,25.23699335658207,72,4.302971943643444,1014.8758678047441
2010-06-21,20.69793317358024,71,8.212728178098608,1002.6638657596409
2010-06-22,23.077222278850872,95,0.6316902911721711,996.0147696993542
2010-06-23,30.0314640460722,84,6.669098792247913,1022.4901395507413
2010-06-24,22.115540652384254,77,6.854327044886511,1030.4934092677106
2010-06-25,29.17846056032571,51,8.087229913388047,1007.6519629278964
2010-06-26,19.351465726711908,56,9.361152921072975,998.4330748044041
2010-06-27,27.649020889576413,96,0.6913095650182534,1011.7483726757838
2010-06-28,32.207843103289505,42,1.9609452023755538,1005.6288295476127
2010-06-29,12.641777499363553,74,8.918627293531934,1008.4968432013791
2010-06-30,21.015523722647615,39,4.855926340776646,1021.1037369972529
2010-07-01,27.8853606359027,38,5.863611069867903,1014.4953695259716
2010-07-02,23.984773069785035,83,6.7987584353699,1006.7049244111798
2010-07-03,26.855729366856544,56,6.951132742708555,1020.8850078626119
2010-07-04,21.980074066420897,63,9.351533831506828,1021.668723450758
2010-07-05,25.4329489373645,30,9.971019465410862,1011.6294251395537
2010-07-06,24.221613823039604,61,7.341495878843932,1016.3791652091807
2010-07-07,30.838910308299035,96,3.2286014874489326,1020.2050188307697
2010-07-08,26.272104216506065,49,8.857647821796265,1019.2610313098339
2010-07-09,26.68801331037601,64,0.9675986881372353,1015.4061408696554
2010-07-10,22.940615169387662,46,2.695268102307714,1029.325861182253
2010-07-11,22.561968879637533,47,9.025164315905291,1020.8268081301519
2010-07-12,22.837209060901895,74,2.9338193871738723,1010.4932098350226
2010-07-13,26.972260711891483,82,2.5961850664066106,1010.5533093230109
2010-07-14,22.895077595898684,97,1.8121902848323488,1009.4191364986333
2010-07-15,26.448874284482066,94,8.661561697645707,1021.3212094722782
2010-07-16,35.37700399322719,30,5.250553462315324,1008.772524399981
2010-07-17,29.355623517158463,87,6.911485429014471,1010.751009107972
2010-07-18,23.369882339160796,55,2.771130648712782,1025.5802238811582
2010-07-19,31.006069610819722,49,7.7013839996065565,1016.9163196206739
2010-07-20,22.959623134892244,39,7.720052677139936,1026.9853262712118
2010-07-21,14.80937732411073,88,3.469681236628851,1022.9805987335234
2010-07-22,19.95956844541298,70,4.4014850135976875,1003.2332817092994
2010-07-23,15.646040394870722,34,2.4920576355869084,1013.978669417593
2010-07-24,23.24243257979346,94,9.777329721567591,1024.8994903996854
2010-07-25,25.092091895947757,46,6.63322448205491,1002.7782393484899
2010-07-26,33.382186561376415,51,9.378166866797397,1019.1971082035867
2010-07-27,26.634636868820813,70,3.3821626644767653,1014.6076352630125
2010-07-28,23.90449735595568,97,7.927963673470453,997.4521125787761
2010-07-29,29.147027905917447,98,7.775657116905049,1016.1965930451894
2010-07-30,13.944323454960575,40,7.070728692732144,1006.6253198387346
2010-07-31,26.178072790542828,85,9.673570265034604,1003.3234821788358
2010-08-01,28.854325969434832,80,4.238775693009998,1015.0914067582263
2010-08-02,17.607068771100792,50,1.7418145741026942,995.6914706074699
2010-08-03,30.718770216034645,55,6.881234162818577,1008.2570970741511
2010-08-04,26.69248203747207,48,7.428443104533459,1040.5117425250264
2010-08-05,22.923560430495993,89,5.963075447858739,1021.5022239340694
2010-08-06,28.163909330531425,76,2.4647699847672646,1006.1857509383265
2010-08-07,36.35346428902198,55,5.292331445858876,1029.041659401004
2010-08-08,25.909331275292477,69,3.465802497406729,1005.0795643922287
2010-08-09,26.24110293150168,34,4.560932017583546,1009.4630484686453
2010-08-10,22.70319550229878,50,6.629576470524307,1003.5114859007072
2010-08-11,20.75077815267604,33,7.579540055562928,1017.5607987866603
2010-08-12,29.151679082721227,52,2.7061345635627596,1028.6862962209714
2010-08-13,20.719580870455665,44,4.350590926146056,1005.0099376744014
2010-08-14,25.357831186096963,37,3.0570349244204773,994.3955696259092
2010-08-15,22.611712766174417,70,2.387000331687757,1025.9096667451943
2010-08-16,27.39489912873196,48,7.942178589960465,1030.5380050108768
2010-08-17,26.66831052643474,75,9.137900597151427,995.0491953358527
2010-08-18,30.187699721289498,57,4.017205764003479,1019.6005434144645
2010-08-19,22.449918005726264,97,7.637149781550785,1017.2650535211529
2010-08-20,23.650625323533145,44,9.021455248961905,1007.1252469511224
2010-08-21,20.106181421088465,66,8.5381800000372,1001.0564433333077
2010-08-22,22.77853369961944,30,2.236727191122646,1024.9175034544655
2010-08-23,26.88650246522426,96,9.584772874376933,1016.7907053145719
2010-08-24,28.78494308322676,53,4.078426184079893,1017.5442645742672
2010-08-25,20.389173379111874,56,3.7227862811514454,1008.782306471668
2010-08-26,29.3480296005283,69,1.0930976091389133,1006.9809079555005
2010-08-27,31.778189294024756,92,5.118649713996389,990.4502645872606
2010-08-28,27.067174516118506,90,1.5356293485888228,1012.7197197021512
2010-08-29,34.38397906279033,65,2.861128298810547,1029.3882637945421
2010-08-30,21.131054004482134,53,3.510954906789173,1006.0974557995135
2010-08-31,18.776726483442914,53,8.183850073170998,999.7758530573326
2010-09-01,16.106398755478608,33,8.817142178761017,1019.35664566457
2010-09-02,32.480221557445915,96,3.373430015883962,1021.2007999844634
2010-09-03,28.27182828177029,63,8.657632151823453,1009.1409403931882
2010-09-04,24.722076645447725,86,8.643693905013015,1011.5123553530036
2010-09-05,26.399843131599102,78,7.764184028656299,1017.6390311721876
2010-09-06,19.372554763508116,82,1.8936035831442246,1013.4445053137067
2010-09-07,37.228759898084135,52,7.058067045556926,1025.00129335754
2010-09-08,25.646105909876137,98,9.477728613515403,1039.372425759242
2010-09-09,25.546973973024464,82,6.984134548287992,997.9083644480954
2010-09-10,28.62883311949346,91,3.6503600665244225,1027.2975513055799
2010-09-11,27.405046158683568,70,5.255503515592897,1016.0525970102333
2010-09-12,26.119420121395656,86,6.6343879118350095,1028.8820093885415
2010-09-13,21.04762772277344,89,5.350418882920784,1022.2435451126568
2010-09-14,27.357341785679978,83,1.6395529464442133,1015.6115645993572
2010-09-15,34.41012248237517,99,3.4646084241941963,1022.6002294244104
2010-09-16,31.727100230774887,86,8.122762290259509,1011.058442288152
2010-09-17,32.965933133196984,39,8.683471437907416,1007.2569857789515
2010-09-18,22.443921617844076,69,1.804350310797917,1023.1086311559835
2010-09-19,20.051975898707095,36,9.547674147787884,1006.5567155121049
2010-09-20,24.37106539950176,67,3.6238148695617887,1021.4237259164157
2010-09-21,25.278624561443472,90,6.791980517941839,1015.307475830875
2010-09-22,30.470957592354743,32,7.642338886588471,991.7055834887742
2010-09-23,16.537676851425903,80,8.213489229059892,1009.2561754953706
2010-09-24,32.64775159730307,76,9.484622171146336,1018.3483819502462
2010-09-25,24.209960507105052,97,3.4727357062738147,1010.9399933609151
2010-09-26,22.8655946502629,67,8.655811318239767,989.5326788823781
2010-09-27,19.93947812369916,65,1.751025582643967,1028.2075012782616
2010-09-28,16.725716640671152,70,7.197888610359131,1016.6937505127161
2010-09-29,29.115852919809573,98,7.548788430382866,1019.4373929126981
2010-09-30,25.36658983594202,42,6.938370791412544,1010.2672384782176
2010-10-01,18.55019550129473,87,2.8969899932839533,1020.3148968814666
2010-10-02,18.52460613968192,79,8.793909896644433,1033.348201445867
2010-10-03,23.32107650354936,59,2.1041554020187525,1007.6492701637264
2010-10-04,33.34510762644696,91,1.009530519447893,1031.6701270535707
2010-10-05,23.702043243181976,54,7.3159174108131655,1018.98564065892
2010-10-06,17.48428523440947,56,5.01701929471097,1006.3056725196313
2010-10-07,23.77128467957028,80,8.566431189607423,1037.12390637591
2010-10-08,23.636382151261646,86,4.14227284005346,1018.9164023988893
2010-10-09,11.515566785292142,76,2.0986465908232717,1021.7647866877304
2010-10-10,24.72852566741094,68,8.446200828463763,1012.3064789527324
2010-10-11,23.84532734895661,45,5.714641500580681,1007.0367335467048
2010-10-12,28.48103182406709,51,2.2973600277083714,1016.6781324467579
2010-10-13,34.244780474726724,83,7.343647986571234,1030.8146372348333
2010-10-14,30.632825147738785,50,5.355579565650255,1011.9034018781431
2010-10-15,23.655556547225846,45,6.240973331283039,1014.7324875442587
2010-10-16,19.467370456291647,88,4.878534212962528,1029.5632847197958
2010-10-17,37.8667990162493,60,8.37273534627106,1011.9967315419576
2010-10-18,25.29609217007244,71,8.380845798988974,1020.1027631116912
2010-10-19,25.06964645956473,61,7.239193807331669,1023.773505067397
2010-10-20,24.879374564449982,88,1.5013130852663916,1013.0321905112302
2010-10-21,25.990423803839274,63,8.469111688088654,1018.0983759319993
2010-10-22,24.278197940380288,38,6.874623315062643,1021.6110277768117
2010-10-23,22.131689965598817,40,7.1217295770408455,1010.9908480645587
2010-10-24,22.26570529379804,39,3.9483369838367803,1023.1576516498999
2010-10-25,24.836233648920008,46,8.853155783491564,1009.5301391654456
2010-10-26,22.282876144331176,97,7.391030202231146,1008.249124210395
2010-10-27,21.435771086614178,77,1.5696094320273475,999.7295893917955
2010-10-28,25.532151138459483,81,4.373891326858546,1009.9653765609894
2010-10-29,23.725113912895722,54,8.920613438621347,1006.8449729812978
2010-10-30,32.51996494291345,50,0.9483686661251005,1010.9912604374503
2010-10-31,11.745150958034941,94,9.63345788659947,1021.1199263191448
2010-11-01,30.45753425961231,92,6.952044399035847,997.743257466249
2010-11-02,31.230425962488145,80,6.498071787612078,995.2532910541289
2010-11-03,14.633048837959253,65,3.070312936635918,1007.5092078334872
2010-11-04,23.286562029598258,95,2.8635219930221822,1019.6123049358665
2010-11-05,23.142795670021044,44,9.449553085141657,1017.8886494701968
2010-11-06,17.962441526410892,68,3.333588315224166,1007.3493766708907
2010-11-07,21.110916562045624,99,7.867300318830494,1026.6940823215646
2010-11-08,19.447120772670857,30,4.234657082967252,1008.4159006488165
2010-11-09,33.761352217118116,52,1.8229136724546877,1019.6245398612713
2010-11-10,29.678391965737305,68,0.6017953281059101,1011.3721367246583
2010-11-11,31.357775474970794,86,5.6704447016448825,1006.3122364900635
2010-11-12,28.608360320216175,63,9.76989877621486,1008.9493321188526
2010-11-13,19.354741143913856,70,4.006793841187442,1022.3400038481356
2010-11-14,22.37739866860113,42,3.893327172933926,1018.6102514514275
2010-11-15,27.44687280613959,99,3.7688703695697,1024.6810266377654
2010-11-16,18.889360955540273,35,5.445166454396155,1018.6098608253708
2010-11-17,28.56499215086194,81,4.686316392530789,998.8883053682578
2010-11-18,23.798373009209325,32,8.859188953906637,1036.1441483430879
2010-11-19,23.125895962252013,92,5.302447521373158,1018.7516901405847
2010-11-20,28.554799841017456,78,5.323699462791404,1020.1467155438824
2010-11-21,27.2213165574302,76,1.8145301498452877,1011.2316232050343
2010-11-22,23.1951691709046,84,9.836025638648666,1026.1317829330071
2010-11-23,30.79664901682124,93,2.874742463253882,1004.0689243939988
2010-11-24,19.594683362000513,94,1.1969586408662254,1021.0982907766349
2010-11-25,28.07967803472132,96,6.799889365264484,994.2036671775296
2010-11-26,27.96550628984192,44,6.15598051649029,1021.7720852135018
2010-11-27,23.452267803430047,61,4.443883712931084,1004.2044958836057
2010-11-28,26.63066511121059,97,4.510826221866441,1017.7699452042713
2010-11-29,18.744432118073483,47,7.958107249941096,1028.5734046674618
2010-11-30,29.620135096034506,72,2.359270080946666,1023.2271737450044
2010-12-01,24.075489317785056,64,8.292406529976454,1027.2438167011755
2010-12-02,22.386384897404803,87,6.663097582002672,1026.208484436478
2010-12-03,30.245046129184445,62,4.480212850905481,1009.7571725709012
2010-12-04,21.478281547286205,43,4.8512718575467515,1020.9833017380786
2010-12-05,17.957693518182204,63,2.93814846826791,997.7508310405819
2010-12-06,17.216854132380483,90,7.64508616062126,1008.1306358205575
2010-12-07,28.030049756728197,33,5.372310051900044,1028.9265488828405
2010-12-08,18.597853237518585,88,3.548118156123514,1011.1496319757377
2010-12-09,33.77397090992182,58,6.1624760997290275,996.3199811332926
2010-12-10,14.59035296058139,35,9.959477294487568,1035.1369891733136
2010-12-11,33.48228184145019,78,4.634991656737261,1020.6225028316971
2010-12-12,26.05508733601309,69,9.246568307396887,1022.644782203058
2010-12-13,24.516434440648037,94,3.777659979283378,1005.195304650781
2010-12-14,22.275404565955252,98,1.019960715787366,1017.8405657052987
2010-12-15,26.995680571760353,56,2.4403000105000743,1017.575749708892
2010-12-16,24.81182648787576,35,4.477603861613,1006.7851514337633
2010-12-17,30.516509410082605,42,2.5865318216484057,1013.3018031447684
2010-12-18,25.571138243310198,93,0.5021568630734277,999.9953228721698
2010-12-19,25.75150880730939,91,9.192514608601508,1011.53290467124
2010-12-20,23.18193893893072,48,8.516854406693826,1024.738462572598
2010-12-21,24.715271881394663,72,7.551776199125998,1007.5315174100791
2010-12-22,26.539008844460295,49,2.094238658637272,1034.0729783642655
2010-12-23,16.449158036716874,97,1.6434539739948675,1000.6390848746495
2010-12-24,18.259072889471433,73,1.14224511998764,1012.398246502044
2010-12-25,28.716320470113576,52,7.378277293342752,1008.4357003638587
2010-12-26,25.854327190639708,31,9.32367562653491,1013.1981916862713
2010-12-27,24.080083318236603,51,4.590090298673852,1028.7147478214092
2010-12-28,25.092169665326967,86,1.6318363839624577,1005.155445035359
2010-12-29,26.737908526808354,36,5.367731796955012,1010.4872946907047
2010-12-30,22.301201598453193,85,3.8139031208569865,1021.5450575272314
2010-12-31,21.108476372988438,96,4.060836781324978,1015.9315877991766
2011-01-01,25.979226275488408,45,6.402640929479219,1016.7517494930901
2011-01-02,20.10813611192484,80,7.327822075990922,1005.3472366040045
2011-01-03,27.041263778572358,41,1.550734189295028,1014.284165283975
2011-01-04,16.4870819788108,82,0.8381071926615257,1026.3157845153953
2011-01-05,30.14577818662822,34,9.94613787551429,998.9047901691902
2011-01-06,27.362987412065216,56,2.710919314697742,1008.0269084930097
2011-01-07,26.28014867156938,41,1.0113899866303613,996.8445837047466
2011-01-08,29.91345491972757,46,2.3038156264112395,1020.3697569694374
2011-01-09,33.32737222231288,35,0.8700995403104101,1027.2547054531447
2011-01-10,30.07185032509065,34,4.222203498863131,1013.1659001270796
2011-01-11,15.795628843341774,86,8.12281695228758,1004.944799854847
2011-01-12,18.602115166321493,57,3.7418222726983457,1005.2375354854546
2011-01-13,21.875907111521606,98,4.719742365344482,1012.0294279212726
2011-01-14,25.13045525105417,88,6.918074348890668,1011.9912795460848
2011-01-15,27.588295102345615,62,5.334493665663862,1024.1183177851337
2011-01-16,21.371280934232672,91,8.68373401720258,1008.3112396555699
2011-01-17,25.93383382238539,79,8.727338912934687,1019.3507833818586
2011-01-18,21.22308533823339,48,0.5941516071659596,1011.9452997075214
2011-01-19,21.942410985040258,98,7.891439911590392,1007.5524304476016
2011-01-20,17.96669451575889,95,4.876969202295902,1011.6962393665902
2011-01-21,20.38383376944548,76,9.8939851423848,1018.3653838187098
2011-01-22,18.24157697191833,68,5.090704720816634,1024.149333898817
2011-01-23,20.120633735113337,97,9.875511481188827,1012.4802681284151
2011-01-24,30.268208983039198,62,7.668408931454498,1002.9606186920223
2011-01-25,20.253005555840286,42,2.86174640382641,1024.9971480326544
2011-01-26,38.161910324186955,83,5.614752303226098,1006.0183061684788
2011-01-27,27.466589504404446,36,9.925288575046537,1017.6082316767753
2011-01-28,25.92418061847437,43,8.646540773643276,1014.7516733229625
2011-01-29,20.708211099093933,48,1.4249854910166004,1013.4142990765378
2011-01-30,28.501549397044958,83,7.210533969694962,1010.1302369981199
2011-01-31,22.12181086881113,49,3.783006065772724,1021.2014878041547
2011-02-01,25.610049073226808,58,0.5663314878633071,979.1793739251249
2011-02-02,37.800422691343975,53,4.333069205756496,1026.3647050836703
2011-02-03,24.51970050137675,92,2.7301670063872274,1005.8749222560597
2011-02-04,30.74636663142838,86,8.279258069944479,1019.0795690975065
2011-02-05,21.48411787437056,37,3.704640784034772,1018.5502561793493
2011-02-06,24.82505754751519,91,8.361475092561262,1027.7497738202082
2011-02-07,33.85400317817755,58,0.5056804189305555,1016.9774913553807
2011-02-08,21.865164711061162,46,3.424281925248132,1006.7089081936596
2011-02-09,34.062242789984644,95,2.7910695359237385,998.9524501208903
2011-02-10,28.538759677277376,35,2.7188899301518044,1011.5119684512703
2011-02-11,22.18766612052866,87,1.1477728877718956,995.4182457111699
2011-02-12,28.162038695277605,98,2.2776805688997666,1008.7151429368924
2011-02-13,29.86277224813365,57,5.777720913913389,1012.073693796698
2011-02-14,28.10904981108598,91,3.2679301919585724,1008.1008402197108
2011-02-15,17.148876400547717,70,4.465250432126906,1015.4177365736491
2011-02-16,21.364314120875658,98,4.080235363298291,1012.6389598908079
2011-02-17,23.762406822242475,70,8.821096787498998,1011.7231345867121
2011-02-18,24.62783285449977,78,9.100340490599898,990.7584938296269
2011-02-19,28.103360487753392,78,5.18309123073067,1002.0529481931445
2011-02-20,25.888505004666268,32,3.636481527998242,1021.4265673185488
2011-02-21,18.323278206449494,39,1.5146066880224545,1023.0425627294744
2011-02-22,26.900989255029817,64,9.557327354129903,996.61223282021
2011-02-23,28.052928726419115,31,1.0721559765528257,1006.8528181876587
2011-02-24,27.7989522396552,53,3.327677636898664,1025.7196536759914
2011-02-25,30.403903627773108,67,3.3316289111150397,1007.8196118659486
2011-02-26,29.16961077274452,51,3.5438122183320417,1013.8850921287489
2011-02-27,27.295900396142184,55,2.060725011087888,1029.4180532901592
2011-02-28,24.649171442706766,72,7.940033593775123,1011.384226885566
2011-03-01,16.69519533242004,84,1.6637296886768975,1009.9528058981289
2011-03-02,27.148091095662927,68,6.531613261955046,1013.4296330940737
2011-03-03,26.038438435815557,58,1.6765372537052659,1033.5341079789982
2011-03-04,26.357894185976868,49,1.1700885571330872,1019.4620183628948
2011-03-05,18.616257120898453,70,9.139580285015827,1015.1908162777977
2011-03-06,19.594717297958688,83,2.306223280027704,1009.7564004431841
2011-03-07,30.26576426666452,49,8.30187646831719,1020.3881692818112
2011-03-08,24.802224230716725,48,5.67399327551779,1021.596997699308
2011-03-09,28.40750348686312,95,1.2396369362833113,1004.2682149052453
2011-03-10,25.141591880652307,59,9.57675781866164,1021.8662819194616
2011-03-11,25.148780697478728,82,2.8461310864229787,1013.4884771337657
2011-03-12,29.691419029879988,63,8.666630780849761,1015.2479863462861
2011-03-13,22.41977635891313,51,2.1036950549533597,1006.1571099701168
2011-03-14,25.480603884704916,96,8.612457380347603,1011.0001797217109
2011-03-15,22.688623556474788,35,0.6256737226002929,1004.6985773477717
2011-03-16,22.82751886283842,56,5.361914337410067,1004.217818298837
2011-03-17,23.454139382656802,39,7.80970450450479,1018.7709022042678
2011-03-18,26.110668858168566,77,9.380557416181441,1011.4488343455689
2011-03-19,22.606256891682612,99,9.137420293961627,1002.0036233013758
2011-03-20,31.278780627867604,88,8.286436260702626,1036.7705264748838
2011-03-21,20.52696348890248,88,8.937817821782389,1003.7534496068406
2011-03-22,24.065641779193204,31,2.392587015452227,1025.9210296101933
2011-03-23,22.801344708629124,58,3.199750809261423,1000.235363583782
2011-03-24,32.23488942176866,97,3.245200986750056,1019.565023351678
2011-03-25,25.982773882557872,94,4.082012344516139,1012.4943963138131
2011-03-26,30.159222697343175,55,4.236546368659292,1008.709432686416
2011-03-27,17.57219813481514,39,5.673275584219417,1016.967423237657
2011-03-28,26.335251329346296,82,2.0188577519811934,1015.6225985632933
2011-03-29,29.448153978117183,88,7.0668433059668985,1006.8753481631795
2011-03-30,25.41141994637712,51,2.0918821233928115,1006.42261119213
2011-03-31,30.327401875326757,80,3.4479305799932014,999.2608578800559
2011-04-01,22.41355774949814,77,5.2817787407584635,1018.0556438435705
2011-04-02,32.0467372009279,50,8.066185334473033,1002.4619517289999
2011-04-03,36.49449061809625,51,7.524957715767909,1015.0397495651719
2011-04-04,23.185807197801704,59,6.632576385899961,1020.9247798412072
2011-04-05,22.77248739299614,54,1.9798459755116165,1017.0805503182405
2011-04-06,32.2669223855885,57,5.696930783347988,1007.7686870198274
2011-04-07,32.89786072865356,94,1.3307417670989117,1024.0881241134996
2011-04-08,22.385699864233658,74,4.084950179568182,1010.9202852189875
2011-04-09,22.899065914520712,97,4.428407037754612,1001.6583924099501
2011-04-10,23.591076955697464,36,0.8782086747346614,1012.1627249554672
2011-04-11,18.277747444828613,78,3.1028869449647325,1020.8679737798473
2011-04-12,20.40674026757901,38,9.578669939031649,1008.2558568558987
2011-04-13,19.97929616623966,65,9.55950977438205,1023.7818241497031
2011-04-14,21.161012174479357,30,3.847107015399123,1007.2967393478235
2011-04-15,24.826575563066093,39,0.9094510350090785,1008.6578680631447
2011-04-16,26.171073662682602,65,2.2014019236177247,1004.5392098414675
2011-04-17,32.75250246407038,75,4.226069037618631,1021.8370953690803
2011-04-18,20.008229796306047,61,9.503907130707683,1014.4675742991079
2011-04-19,29.921611992382918,61,1.8413911036032569,1005.2023805225602
2011-04-20,23.930055778872454,35,7.753400514848016,1011.0378965771889
2011-04-21,24.752681451737836,77,1.5324841240595748,984.2884901210098
2011-04-22,28.37409746083302,67,9.82194698521713,1022.7797236346664
2011-04-23,19.386389892188507,46,4.125356741536782,1013.292533605017
2011-04-24,26.912048730920255,56,7.864728119541033,990.9376184899011
2011-04-25,25.83226104106528,83,3.7546152867057523,1000.4331855867592
2011-04-26,27.462256320040744,79,6.462854333008683,1010.7840593744239
2011-04-27,26.44584321953909,64,2.324152805030349,1001.8582924089517
2011-04-28,37.276500699554475,54,1.8871996833211442,1022.9334932368606
2011-04-29,21.81130007874342,57,9.411609325897247,1019.1857288599116
2011-04-30,22.345015224990913,44,9.217649140092117,1018.5953594351787
2011-05-01,21.88429736787618,33,8.930954932022383,988.9565306478529
2011-05-02,22.222614404198726,56,6.441617776582638,1009.7454158579311
2011-05-03,21.81306436346741,55,8.178548006554642,1008.0238354939095
2011-05-04,30.94508265553776,48,1.1558509006580617,1005.4594554589542
2011-05-05,32.102521239949276,46,3.680495897961452,1010.8482471883628
2011-05-06,22.14626853125262,72,3.4801796851929843,1003.7376179291393
2011-05-07,20.838222134478855,70,6.538630558549826,1017.1522073295022
2011-05-08,27.35707778193202,71,3.881598847971085,1022.6655135433778
2011-05-09,22.238884778595143,79,1.9108144256149677,1021.8038373842368
2011-05-10,28.164659088777555,69,6.166437216428665,1013.6208874828852
2011-05-11,26.0146151042565,68,8.236647246356274,1034.992396963335
2011-05-12,17.42127942501384,52,4.130173197369745,1026.3997511450052
2011-05-13,32.737526006650306,81,1.7565527934355762,1013.9844179632745
2011-05-14,33.97938836547761,76,2.3685378744718193,1010.1772778979848
2011-05-15,21.93605654757807,92,2.756091399109148,1028.3802716278192
2011-05-16,23.061492200320078,98,3.349027133448094,1025.0758068276273
2011-05-17,26.429326953624525,72,6.606553169809937,1000.8957279617578
2011-05-18,26.672283949935125,77,6.2089821031083305,1025.8582131922874
2011-05-19,28.29272136336415,63,7.112758684886872,1013.4562646527608
2011-05-20,35.05102269383175,69,3.943768853049375,1006.3908846940665
2011-05-21,24.11526386252975,90,8.327977692859793,995.2079414075934
2011-05-22,21.00851377730773,79,2.4388327809797223,1012.3108380530219
2011-05-23,18.103403859927365,96,4.955887101422462,1014.8777241478008
2011-05-24,21.345349800290403,91,8.108917854643588,1030.873276541102
2011-05-25,24.834365135631014,87,2.211507153459883,1024.5723380774868
2011-05-26,33.97278931758894,62,1.543699580537438,1009.1711327862397
2011-05-27,22.411943504819142,45,8.894997693035902,1018.8934239421974
2011-05-28,26.118939758194493,77,3.757831796212361,1023.2624942267282
2011-05-29,24.91788551963624,39,6.996766186635804,1015.8595738801722
2011-05-30,30.94196636724042,67,0.7408117405074155,1009.1284584096879
2011-05-31,37.63466212936811,48,7.0554454398897715,1009.6782754375655
2011-06-01,22.345656135398396,65,3.50296245969622,1018.8547307045695
2011-06-02,22.55280278740889,88,1.0295381090806965,1019.1298056552505
2011-06-03,30.22080438534536,92,6.2932212347071115,1012.0704538423646
2011-06-04,28.40945744813156,75,2.7876362526951457,988.8084779494666
2011-06-05,34.23353662868017,32,4.17466879949286,1002.094772727087
2011-06-06,27.919640926629818,94,1.2655177167218792,1021.1968892161211
2011-06-07,23.203539546064704,37,1.8980508854019806,993.6916200264412
2011-06-08,27.953274153461546,80,3.3307837372105156,1026.841810163672
2011-06-09,30.543517902914537,35,1.3527152553214927,1025.361572611385
2011-06-10,29.102410905986822,68,9.152849514519994,1015.4109638193321
2011-06-11,27.53637015553649,89,0.557446910247795,1020.9793103422861
2011-06-12,30.333373447945768,57,5.0966720792109586,1020.2877467835889
2011-06-13,30.846477952228362,83,1.6708508522592387,1013.8312687163378
2011-06-14,31.910794955187637,66,3.422951350040511,1001.2611088241143
2011-06-15,28.243549437948214,38,9.297565818273522,1024.6727297506168
2011-06-16,24.164409598415727,85,2.036098256102875,1029.0723001138363
2011-06-17,25.733568432166614,88,9.67540703732416,1002.9140947575765
2011-06-18,31.032544832541785,31,2.455046581399506,1000.887449948303
2011-06-19,20.91532164506382,90,7.544878030434881,1013.6320309524266
2011-06-20,26.843366544364507,87,5.693434016524462,1008.7377540436355
2011-06-21,23.033305938363196,89,8.902547912169211,1016.4494924020546
2011-06-22,25.143724114674086,69,5.762935927279744,1027.0799403986039
2011-06-23,31.392259313036494,65,5.578312581984933,992.543295617275
2011-06-24,25.955495340099517,66,2.356851003499799,1030.8127195161915
2011-06-25,25.232182740780743,47,2.079178939490758,1010.9333155812308
2011-06-26,18.200719295100406,92,9.206646935597385,1020.1177897865049
2011-06-27,28.731267830136105,51,3.6144628890753236,1021.1872583810447
2011-06-28,28.227420905705376,40,4.034781422147511,1022.353411541978
2011-06-29,35.8162736165273,87,7.718324755069689,1015.6190810403
2011-06-30,23.461108825234994,86,3.71882308301667,1017.9556060178675
2011-07-01,26.095751638319694,33,9.544593243070526,1017.890220506054
2011-07-02,26.246918418553776,36,7.510313805488603,1008.6971719922055
2011-07-03,32.887266398817374,90,6.1755778044474905,997.419448085628
2011-07-04,24.523522338065238,83,8.868504025175149,1002.8081417223481
2011-07-05,26.395107628851697,97,0.9712561293200861,1013.9576202050197
2011-07-06,28.039482548582697,30,2.942095575797483,1007.1319334310361
2011-07-07,25.93304561578179,84,4.917845175098645,1007.1550392761046
2011-07-08,22.767831927247357,32,2.6562961249794497,1032.992510456862
2011-07-09,25.97044996449154,67,7.567099279370443,1023.5889479665988
2011-07-10,30.36815874929886,30,9.23247629501039,1012.4792403409002
2011-07-11,19.8674235029447,67,4.525816139343772,1021.7203494565545
2011-07-12,25.66484837073438,58,3.750259701063002,1010.797313944091
2011-07-13,21.499395925304135,34,9.63473195530688,1016.1072343418649
2011-07-14,30.975233144624212,50,4.726098111861638,1019.4162864841892
2011-07-15,17.384065476081126,96,5.14595980426819,1010.8239403222813
2011-07-16,22.205390763642058,76,3.840673787248101,1008.147494524629
2011-07-17,26.886059375322603,64,9.140710493615314,1027.239318184685
2011-07-18,32.827620146171704,97,5.905077091177582,1021.141129671981
2011-07-19,24.67124869463506,98,7.7406585782256245,992.4538912170729
2011-07-20,22.22400236653401,30,8.21216382433342,1008.3186406996839
2011-07-21,34.40578534720295,97,3.747565898213953,1007.187275003056
2011-07-22,17.75993049791878,41,4.62009614754361,1008.7886191118761
2011-07-23,14.005970216899591,89,8.560481856859514,1023.6240228875889
2011-07-24,27.20007225026666,56,3.9509258409201973,1015.1920596800369
2011-07-25,22.489728878236946,85,8.042383767792586,1001.1037032914445
2011-07-26,19.893835914346433,52,9.439427064457153,1011.1678516304138
2011-07-27,28.541782236496765,54,6.420498544146066,1020.4173764761618
2011-07-28,26.219003568855996,50,7.545459230792944,1012.8035498446625
2011-07-29,22.179606846316357,90,8.148424464390782,1008.5532404883651
2011-07-30,18.59847800664553,92,8.527876664518104,1018.3121927873852
2011-07-31,29.362286641400722,81,4.253006709639562,1031.1819248943907
2011-08-01,28.251005889793305,54,0.9870028621719826,1019.6142483295852
2011-08-02,24.504120681103085,84,4.317824576749025,1028.009415130317
2011-08-03,34.23318498023833,75,6.9006841829488526,1009.223857821351
2011-08-04,19.649576168369236,61,4.778328664917532,1014.9163788887594
2011-08-05,17.372374145376305,84,7.615149933173786,1014.7144801546432
2011-08-06,21.540459650593778,34,3.891333079952307,1016.186790840677
2011-08-07,24.77206991822251,65,6.53006934048828,1019.4051960638092
2011-08-08,26.21669724661346,78,2.2709881461127583,1005.8103087894522
2011-08-09,23.79381971071835,87,7.619009648127091,1021.4733268551348
2011-08-10,26.760276982571483,68,5.684111703723746,998.7211406104478
2011-08-11,18.74230287904778,90,2.4386116911927056,1001.6424333749331
2011-08-12,32.2188230203663,38,3.273156148229169,1036.3562610117324
2011-08-13,24.589244108037157,35,7.611782731527407,1009.8987926052113
2011-08-14,30.586479157940637,64,5.0847117387844465,1022.295193509862
2011-08-15,26.71362673188852,68,2.552298683734186,1031.9829039242695
2011-08-16,27.283766095768918,51,9.689076308517828,991.8554392122153
2011-08-17,27.84883640116102,70,7.293687688260436,1026.262461801557
2011-08-18,27.238542800086574,34,9.592780909128063,1021.4894360625927
2011-08-19,28.21361379933772,71,4.557497930923261,1031.4039728093303
2011-08-20,31.645762650662157,96,5.013453236571344,1003.1847683833537
2011-08-21,25.98260584850735,59,9.030574553757683,1029.5125465695462
2011-08-22,28.54501878794256,86,5.487968732331154,1007.6058556839731
2011-08-23,24.551321528563868,58,7.219149663103838,1025.5477781427667
2011-08-24,32.200586077247365,66,2.8956423362075348,1014.6397896424556
2011-08-25,21.61803848970365,42,4.743901452675085,1022.7076880643514
2011-08-26,34.004702164554075,61,1.6727737251983736,1015.4886918330516
2011-08-27,24.799210246778284,75,2.4568103408311357,996.6059841581327
2011-08-28,17.84612448940976,52,0.5089624450424953,983.794559770562
2011-08-29,25.640522074553946,74,0.8730179906622721,1017.0991553398349
2011-08-30,21.594741712625595,46,9.784196320180829,1012.3626496236865
2011-08-31,29.203217744943622,95,2.802360103799242,1018.982209514203
2011-09-01,21.736880103488044,35,6.801451740288019,1012.4784653415643
2011-09-02,22.769082833926102,47,8.47144713859631,1035.1807738271782
2011-09-03,15.552296345272346,51,5.73127436274736,1017.305371278283
2011-09-04,22.738468403754617,62,1.9548727507975838,1010.5305227241734
2011-09-05,12.880603366855217,59,7.417106154693581,1018.3736306634687
2011-09-06,17.080485882571384,61,6.202388395946039,1010.7132520311869
2011-09-07,28.802073280721487,71,7.446880598800063,1015.9293023411399
2011-09-08,28.92900079325416,39,7.812592917142328,1002.8251981276417
2011-09-09,27.127287808924823,65,9.76639849300508,1014.914147981404
2011-09-10,20.165119284353935,63,5.948851160253745,1010.2214760396482
2011-09-11,24.7614432192901,57,3.7455905705607173,1003.7726337463132
2011-09-12,24.981987304547157,40,6.660413290552253,1034.7573586807264
2011-09-13,19.208176554037287,68,1.1501867378049482,1004.1626463005983
2011-09-14,32.51699150883575,76,9.02527452405507,1015.0696422344193
2011-09-15,29.386811452878355,48,1.6341196077128695,1006.9719196505124
2011-09-16,23.89517913085168,44,3.6145069599152735,1017.9703947087987
2011-09-17,25.134429194972654,57,8.24958111594815,1002.2561486553109
2011-09-18,26.04191403973776,53,6.174467594141762,1023.4035682393555
2011-09-19,14.791325657878547,38,4.2395374426357,1035.3615618635883
2011-09-20,23.764113087397014,76,4.997638764062703,1006.6046076289933
2011-09-21,21.590078760011007,62,8.618200235420712,1027.1696886268132
2011-09-22,19.991899950525422,91,3.730041667568975,1011.1812065560431
2011-09-23,23.594498535570224,48,8.761672005715628,1030.057911210761
2011-09-24,33.988432634247616,96,1.3372770942785692,1036.8849898609599
2011-09-25,28.20421430633505,69,7.879585153481992,1012.6629498829154
2011-09-26,22.144105051086015,76,8.551702514019995,999.7973391910534
2011-09-27,27.862913906780793,94,2.2272677019547182,1024.480843874361
2011-09-28,31.99677718293001,58,4.588292057535904,1017.2441720794411
2011-09-29,29.623168414563843,79,2.0722478593047287,1020.0179116777764
2011-09-30,25.29815184960087,42,7.212739225445069,1011.6015495815564
2011-10-01,21.76531611147213,30,5.585803796585739,1006.155071813393
2011-10-02,28.491116568067948,63,6.53557179372905,1026.6034818096698
2011-10-03,26.967426927108747,77,2.366626186084006,1018.1978999455604
2011-10-04,29.475966100138663,77,2.5115856894979856,1000.5644296581628
2011-10-05,28.175859008409848,78,0.8942245923441106,1021.8687522320289
2011-10-06,30.247763576596675,93,3.5596415843594325,1019.861685979665
2011-10-07,22.32382394219716,90,5.817574282669912,1011.7470107567643
2011-10-08,31.586970328171628,58,8.650381682974624,1031.1981323424232
2011-10-09,25.987998023461998,68,6.835810750857466,1008.8182683765274
2011-10-10,35.37630436312632,55,4.636265072297639,1013.3101350184515
2011-10-11,21.55406090955216,46,9.55464108674431,1022.686480879682
2011-10-12,33.67981901582625,42,7.332829405470402,1015.7676295033073
2011-10-13,25.989553917313238,98,9.336569427194226,1001.1557684564157
2011-10-14,21.74290998192776,55,5.512085746085574,1016.8379937299343
2011-10-15,22.58057082972839,78,2.959590610534826,1010.8561020803477
2011-10-16,23.3982634590284,96,1.0018535204648589,1023.5699624491626
2011-10-17,27.120829732009582,36,7.39780608909658,1016.5121834399514
2011-10-18,27.6141774401775,87,1.6523784810525741,1015.9450765304739
2011-10-19,22.131499980307105,78,3.376363718583688,1004.5174883628094
2011-10-20,24.878227038695087,82,5.558473624897025,1012.69974692086
2011-10-21,35.71135179305932,94,5.861957583907603,1024.7010109401265
2011-10-22,33.637715850503554,91,6.205540371377793,1007.2346365545862
2011-10-23,27.18161834837016,46,2.079425638322156,1014.6744977691228
2011-10-24,25.190017390841,72,4.107505345805663,1005.6355394835099
2011-10-25,25.600156633591308,54,6.3633451576111835,1003.1615735894833
2011-10-26,28.06758986365208,32,9.713279214020956,1014.1514095501065
2011-10-27,19.886037174007974,58,7.4124958081470425,1016.7380116487734
2011-10-28,23.713117312883274,61,9.264735692392598,1034.938629392326
2011-10-29,16.657079630612053,55,7.741014553984682,1010.4453961615379
2011-10-30,26.996115613026397,45,6.121311204477804,1014.4983073236612
2011-10-31,28.235979698513706,54,2.3242220067952735,1002.4992648202907
2011-11-01,22.58406768850313,83,6.833513692978874,1021.1224001490691
2011-11-02,32.869933816450164,57,6.422105876619117,1018.9809477935328
2011-11-03,18.871171684988294,85,6.223457119344031,1029.8839467769142
2011-11-04,17.6781255989509,94,5.152965745888287,1026.116221515087
2011-11-05,26.12225909279986,70,5.522237737898118,1018.5140666884229
2011-11-06,30.235491513060772,80,3.6772040076219885,1010.299285004113
2011-11-07,33.419638457289345,58,5.43347058010188,1017.0466843789006
2011-11-08,22.7055786856553,48,2.376781103945543,1013.8898653786824
2011-11-09,30.39340416715648,95,8.14915677492358,1024.53397533238
2011-11-10,24.807457652496463,70,2.264881069637724,1023.2623148996247
2011-11-11,24.136863500295902,74,1.307179753949931,1012.0358455634524
2011-11-12,29.41829968743336,44,4.644337250392995,1000.3800622017312
2011-11-13,28.2616143920671,32,6.7539206753075876,1028.3338730022042
2011-11-14,17.118039215078753,40,4.658309836868643,1020.8187395682321
2011-11-15,32.38270174862948,82,3.1291642535374318,1011.8050992942733
2011-11-16,31.900456770737257,75,5.802626246959187,1020.4287334810367
2011-11-17,21.872186492452354,59,3.7965221864158996,1015.7486130625003
2011-11-18,26.979017667187044,86,9.362243056203013,1028.1861792621946
2011-11-19,27.470150931413695,47,9.265128826233935,995.7021976819498
2011-11-20,26.303368829119535,80,5.272532289734907,1011.0280903348656
2011-11-21,22.2484742307729,77,3.614897943173456,1030.9905451547868
2011-11-22,21.641883160309742,95,7.5027579325880716,1020.6319840346731
2011-11-23,24.872229645042772,37,0.8487729630891331,1032.726066683142
2011-11-24,30.86364509629682,51,5.010305557414687,1002.7819290683653
2011-11-25,27.71800077297216,35,3.6950722455681686,1025.7219671593848
2011-11-26,23.14692833956947,86,9.24509090847427,1025.1222442345384
2011-11-27,28.858493553241722,65,0.6140287590904842,998.1827146467117
2011-11-28,10.757286896849623,86,5.751741319324316,1012.0449771046692
2011-11-29,30.743828501860516,78,7.536304020132947,1013.9347089480592
2011-11-30,16.301431106109504,74,5.107670881478391,998.8044397123259
2011-12-01,23.18779529298434,95,1.3113287865458558,1012.2539767347956
2011-12-02,19.401650526869282,74,9.738383205265071,1023.7318314077861
2011-12-03,18.526592621395473,49,5.42109909807293,1011.0907694047526
2011-12-04,30.804133936892597,93,6.334769321030608,1017.4213315567403
2011-12-05,22.661493993440544,96,2.7477929357213196,1017.4937028272765
2011-12-06,26.73251940865358,32,5.093231808514636,1014.8785658886123
2011-12-07,24.76539710560408,83,4.576920173604058,1007.9481797597457
2011-12-08,27.385204136115608,93,1.2115104990188454,1021.588139748839
2011-12-09,25.384109455301278,69,1.5085233587009386,999.1296623847401
2011-12-10,18.58503887905715,88,8.455988936378358,1015.0858813850818
2011-12-11,29.9813340972357,84,2.7782895459626076,1028.8548634051808
2011-12-12,22.531217084193436,91,2.3521035792369904,1010.5262675015879
2011-12-13,17.217090506701247,33,5.296658786876323,1007.7267877849772
2011-12-14,22.859424195170437,89,7.803097747943873,1022.2551613877538
2011-12-15,32.503798953171554,59,1.0884919265003852,1016.6343176058713
2011-12-16,29.251108710567465,31,5.9796752365634305,1022.4544728205693
2011-12-17,23.256739327960705,91,1.632499206985447,1015.3849848569528
2011-12-18,23.253711478407855,78,0.8463799828433753,991.1170754924882
2011-12-19,23.391824743913087,38,1.0010675455410651,1026.799134104257
2011-12-20,35.383739917804206,60,8.424559027980193,1035.7002638247827
2011-12-21,26.909677261157768,90,1.6207385944665849,1027.8404100683629
2011-12-22,27.150208235955347,77,0.9289379619167735,979.6114227493024
2011-12-23,30.15141727015921,54,4.660048927857667,1019.5108821250557
2011-12-24,26.193945795132567,65,8.517937983449235,1010.3325418942495
2011-12-25,23.704789270896484,37,2.9928795766483685,1004.1575624638829
2011-12-26,24.01825075457511,87,4.506269866496206,1016.2273216163827
2011-12-27,24.641993702929682,74,0.8792640593556367,1013.5105270510028
2011-12-28,24.813888817450792,91,4.766245884281321,1020.0865780427985
2011-12-29,28.6381477181849,68,5.98732426605277,1015.5658018930545
2011-12-30,25.259729429036497,87,5.923617010645375,1003.7918789311102
2011-12-31,28.663200386077897,93,3.658053575656469,1009.2339822325703
2012-01-01,24.59641709945709,73,3.4975652162997872,1007.6204144367498
2012-01-02,25.393175951580453,58,1.51292437989768,997.8351682325556
2012-01-03,15.008996577339461,88,3.98458404613955,1001.2835535604612
2012-01-04,29.58163837351241,38,1.4451993542931643,1012.889313301148
2012-01-05,26.732442379489964,35,7.78266147476449,1029.2375407530728
2012-01-06,29.99005054929826,58,9.679605828607766,1009.644429203012
2012-01-07,10.518723109031553,87,9.715707338333715,1007.4256922524721
2012-01-08,35.44187352390364,46,8.718175444066242,1003.1871319332718
2012-01-09,24.302051859224132,45,6.207525418726382,1015.3053649499535
2012-01-10,30.540914083687582,32,7.15822412381686,1026.7925933461013
2012-01-11,19.800470364372345,50,3.2094551254639336,1035.0268276640859
2012-01-12,28.06386952531285,93,6.4923189916398965,1017.8539937672168
2012-01-13,19.73292218413172,65,4.828670719678835,1016.3999374263643
2012-01-14,21.881155196520975,91,5.079164727880859,1009.5652689274646
2012-01-15,34.570156769333934,71,7.698877323564001,1011.2343337850899
2012-01-16,24.046587996183266,71,3.1782243781738906,1021.2917509105071
2012-01-17,26.087164365898616,90,3.521376311097939,1011.8512466793692
2012-01-18,29.35033865344377,42,9.284097015722049,1013.3771755283259
2012-01-19,27.47840943986302,40,1.0341308010842363,1014.7465272524958
2012-01-20,25.752094525717883,83,5.113525834926733,1009.0917188909252
2012-01-21,26.824805012331126,45,9.171607603874687,1014.2502074092245
2012-01-22,37.01707792619138,37,6.298448574272491,994.805938712092
2012-01-23,24.711906014832074,88,5.6908672050152544,1020.4883588301847
2012-01-24,26.005495233574837,86,2.8725697026788746,1038.5177183897206
2012-01-25,30.25327198003806,69,3.761117146112259,1009.4795638483694
2012-01-26,30.52762966478992,88,8.594459950144582,1018.7383714500166
2012-01-27,30.9351515278019,31,5.812572251800352,1023.5157632024618
2012-01-28,28.19365111014592,39,5.390050840689409,1027.8021527271746
2012-01-29,19.284975436347583,73,1.4460072786302747,1012.3567851125982
2012-01-30,33.16715766150548,40,0.6522674863236697,996.9668274631128
2012-01-31,19.26827303490656,31,9.655009292526966,1017.6723195084876
2012-02-01,26.513177326195166,79,4.081368589224995,1016.2862869065443
2012-02-02,21.22862074990321,41,6.230524089945291,1011.54333625324
2012-02-03,24.679308267035037,52,1.2572931952792075,1013.6648787711566
2012-02-04,26.6438120515174,47,6.989585714368943,1016.4368044501773
2012-02-05,26.606786077251364,91,9.359383732706629,1018.6176199210385
2012-02-06,27.109603771176424,91,5.968819903475487,1018.1980971023992
2012-02-07,33.06855634529323,67,1.6980955625664005,1012.8231434049887
2012-02-08,27.2676715075699,96,6.026354510998029,1018.8427883498595
2012-02-09,23.779216823546758,67,7.780298524494198,1012.1496915172514
2012-02-10,29.820435841441785,96,4.360957097453177,1021.4202550153532
2012-02-11,30.947352444623203,90,8.858458605443944,1008.7255716452349
2012-02-12,18.86196092431504,30,6.662488056894962,1015.7305819214956
2012-02-13,27.98700034924929,74,9.042864723747424,998.7626141788277
2012-02-14,28.50586371155449,57,6.423300456849703,1011.3008953054285
2012-02-15,23.51218248320004,50,1.7472357340458302,1020.6748872112997
2012-02-16,31.878534066558096,42,3.4420712554992967,1004.6626513329193
2012-02-17,24.249722064837368,56,2.4170520083983407,1011.7989952364992
2012-02-18,25.627882267357712,36,9.133851728310193,990.9493045008979
2012-02-19,24.13464087858065,51,7.723800639231086,1001.3192589146801
2012-02-20,25.077895237907338,82,6.9257845046450575,1003.935254438861
2012-02-21,19.518624565523993,33,3.359180036500406,1016.0175105077163
2012-02-22,17.79974558702853,52,2.2484253344770284,1018.3340901239271
2012-02-23,32.97252531612486,99,7.686285335894662,1014.439444340598
2012-02-24,20.76519325840836,62,5.004500485851257,1011.1740661711262
2012-02-25,20.043038252718464,57,2.6450007454309765,1011.2089825165125
2012-02-26,14.233049431981426,37,6.357908792570114,1022.160457490405
2012-02-27,21.805191261552487,30,0.8831715953152938,1017.1281984688305
2012-02-28,18.38455103296251,66,3.5986174142184084,1011.6605440369464
2012-02-29,33.21007580068185,92,4.9512914486157795,1027.9329949524126
2012-03-01,30.04908544671317,51,1.9056041740393554,1034.499750409961
2012-03-02,21.559248274111383,99,9.854217537112977,1002.5425754976633
2012-03-03,36.26217902672154,50,2.486424963601335,1020.2251007021051
2012-03-04,29.90882743495797,64,1.7383547354110227,1045.8988960768638
2012-03-05,23.37584308245689,34,2.433581301925516,1017.8020554105019
2012-03-06,12.502971425632134,89,7.806080765017381,1016.1544263616428
2012-03-07,36.45471286295371,75,4.542303763082507,1014.4426606010638
2012-03-08,18.05213766618202,79,5.871451427649111,1019.9018151749074
2012-03-09,16.773006265215542,77,0.6995869913704271,1022.5489916654989
2012-03-10,30.112852160048202,35,0.8270974314464883,1002.5523312583082
2012-03-11,37.19876203169636,85,4.735342723356654,1014.7351637171117
2012-03-12,31.92136409255259,88,8.258224810415424,992.3050213550259
2012-03-13,27.819545600261797,58,8.90976934772187,1012.906833833785
2012-03-14,27.97377170832643,47,1.323712392158582,1005.9731140617793
2012-03-15,29.26707779390154,31,5.614449469959716,1018.3917757913548
2012-03-16,28.794642948933827,37,9.17568201965307,998.4361947285897
2012-03-17,26.405957119846878,83,4.185741166779921,1009.8768268954091
2012-03-18,25.52100551975938,67,8.3808753985695,1024.665442505206
2012-03-19,24.687034360502388,77,1.7701087167946439,1008.2366684855575
2012-03-20,21.23017705566662,56,9.386247651844087,995.9506422258212
2012-03-21,23.59662461566613,49,7.638521516547375,1017.5753315312899
2012-03-22,16.535215929023074,41,9.442676731475565,1009.1347100690737
2012-03-23,24.50830186602625,72,6.927863718748812,1013.141145639271
2012-03-24,20.057044464245415,90,3.9523373539945563,1007.7013041353741
2012-03-25,19.482053413921143,60,9.412721138984864,1034.7439674448003
2012-03-26,25.899470755767393,90,3.1178843749371956,999.4192726414649
2012-03-27,31.960011431722997,96,3.655638959586459,1043.3349561189427
2012-03-28,29.591583030011563,64,7.157679971016533,1011.0936346924865
2012-03-29,17.147496981884114,44,7.770504845491169,1016.8344657621814
2012-03-30,20.051859317148313,45,9.32933309656696,1009.2520358239551
2012-03-31,29.70385593994108,42,2.4456228860339904,1008.8336644014455
2012-04-01,20.087563032308452,64,8.080981334582628,1007.1517009656736
2012-04-02,23.876834250014877,88,7.516187507271153,1021.0125796204363
2012-04-03,27.75026049512276,50,1.1060482844091797,1000.8920030637295
2012-04-04,20.158277725681824,83,4.178619841496966,1018.6410854424267
2012-04-05,25.5268775307298,59,3.1862718420709366,993.1550726494819
2012-04-06,18.329872525408977,77,3.392659031363289,1017.7352877114176
2012-04-07,21.99316178024393,64,9.837995355769658,1023.491426059322
2012-04-08,26.598909670712686,67,6.606385428059315,1002.2548089269263
2012-04-09,17.035031332341653,60,7.317923499038246,1021.7874260171874
2012-04-10,27.202373689801995,53,9.777867554492587,1015.5138541062432
2012-04-11,24.901811005366593,78,4.083416933347568,1030.9842645535784
2012-04-12,27.762449772085738,61,8.117481600301655,1006.4479361768891
2012-04-13,26.119570670323306,84,4.6280441513927055,1043.1598590372273
2012-04-14,31.82070214986922,87,8.760569882242308,991.0921784567477
2012-04-15,25.626122513239537,32,2.21624664245738,1011.7049619936388
2012-04-16,22.852972294373735,98,9.503018682110657,998.0143028937707
2012-04-17,25.611487515161418,39,2.5783312299033567,1033.5105417684977
2012-04-18,27.71649014518194,54,3.5990948163188494,1012.3829900618416
2012-04-19,25.24430035162852,97,7.683826224014415,1013.2831492263072
2012-04-20,25.202958456019413,90,4.240673844871363,1019.4323809808521
2012-04-21,21.490041560966223,58,6.278008079281244,1014.9519481367271
2012-04-22,21.68549541224526,48,4.723448260159571,1009.0623844359867
2012-04-23,17.986973641001534,72,7.552514402352927,1002.4335274937096
2012-04-24,33.7478837159347,95,2.669146897501803,1016.6851340233343
2012-04-25,18.780683823043574,90,1.0553508787503316,1018.7883363268948
2012-04-26,21.53547401102046,72,3.3493292759941293,1021.9537723640173
2012-04-27,21.40796367215401,54,5.005932316250087,1034.1272685030651
2012-04-28,29.474621884722207,49,2.0961904958304465,993.2623109558601
2012-04-29,23.52525160853986,77,3.8705742517356923,1014.322828026473
2012-04-30,31.238710363368668,53,4.299838673788901,1026.9173783582144
2012-05-01,21.63254687878066,40,1.0452225150385988,1013.7547757556114
2012-05-02,26.39497081111901,84,6.041418857749943,991.6182754630673
2012-05-03,20.823264733701215,57,8.901262565727231,1002.0896042515008
2012-05-04,35.72574563886694,98,1.941557673053998,1018.2856984967732
2012-05-05,19.062007904852436,92,6.179176127314383,1017.9219729488334
2012-05-06,26.549103551135136,88,6.81502244665304,1021.7251969834102
2012-05-07,28.168884404660492,34,4.48367946398324,1007.1899105645182
2012-05-08,27.068995487257492,80,7.160427079960565,1017.598832349193
2012-05-09,24.073561705611457,50,4.401949663164615,1005.5413669210368
2012-05-10,24.35089650133287,41,5.294054235785632,1017.599579936437
2012-05-11,25.219057359895547,79,0.5698539232670563,1015.5321219710354
2012-05-12,24.264989991857558,33,7.071341084279544,1006.791399798371
2012-05-13,29.819395583974547,71,6.782755449974882,1030.5818363076269
2012-05-14,36.05261500795676,67,0.8648083346002733,997.9436404983761
2012-05-15,22.212541074960832,54,3.9983760202537644,1013.5837901698948
2012-05-16,18.150985102104613,43,9.80080248752084,1006.5709443567569
2012-05-17,24.558589758243727,61,4.496997344401859,1033.3420203585626
2012-05-18,37.898546688271594,40,5.268481348752497,1020.9839800762041
2012-05-19,20.981627160151348,90,9.144336502517326,1008.5068962462962
2012-05-20,33.195584027220335,47,7.313987820724686,1012.2028471067963
2012-05-21,33.388504070382204,56,6.029666245680124,1033.6125737398054
2012-05-22,22.232058791460027,84,8.07914447274019,1005.5372436826997
2012-05-23,27.844915395926378,83,8.711479531331745,997.3555182776944
2012-05-24,33.14198311564269,50,4.840436681504035,1017.9100686246381
2012-05-25,23.104361295062564,73,5.013529466852436,1018.1364036740782
2012-05-26,23.982098199488192,34,4.1674838886924395,1021.6603457338986
2012-05-27,22.09159543025678,70,9.683708330175376,1021.7262576087195
2012-05-28,19.926216346535668,88,7.123079415758329,1032.707056507338
2012-05-29,21.753612274669965,83,1.2906191289766868,997.8186250962397
2012-05-30,18.880298666188718,51,8.698116421473676,1002.9719680535467
2012-05-31,25.17041734129613,94,5.065319437944547,1021.6220333394618
2012-06-01,21.15013384470679,93,1.153162111013631,1003.9437449828556
2012-06-02,26.16892955895374,33,5.722313924051455,1000.4341202674063
2012-06-03,17.220521768981865,94,4.46306065026917,1033.6584455228526
2012-06-04,26.654401161072286,44,8.838619346194935,998.8005786833571
2012-06-05,29.167644808044624,51,2.43794873428918,1011.4872796288936
2012-06-06,15.031321787142723,76,8.351413790175737,1014.406325487686
2012-06-07,26.87028284923786,75,5.798042566261801,1028.0913664196328
2012-06-08,31.13834496236646,43,1.018797880527956,996.3119694171753
2012-06-09,18.951794906543974,79,9.732530362592104,1019.1547515150625
2012-06-10,33.362861934188516,49,5.3698448189804,1006.0962294173992
2012-06-11,27.095095046830227,79,3.263330115200034,1021.2761121259246
2012-06-12,21.474940721207957,62,4.959364998897952,1005.9319227397314
2012-06-13,24.72115461171147,88,8.649648943416146,1030.7230625618577
2012-06-14,27.79163456260861,72,3.3965796816581033,1005.9902998157374
2012-06-15,25.380026957062057,41,2.330425766623653,990.3802029411008
2012-06-16,27.693779962231847,69,1.7261768458433737,1007.111507502587
2012-06-17,20.39663203460317,49,3.329664284707007,1012.3869988943111
2012-06-18,25.84680412018039,67,7.910456826880413,1025.823538731623
2012-06-19,17.9314275154751,32,4.980450469354986,1002.4158516943507
2012-06-20,24.4438696932565,57,2.6610752350886298,1002.6135387288592
2012-06-21,20.480461792676053,85,2.078757496292617,1024.6057790370899
2012-06-22,21.322350287051165,42,3.6609300268486016,1001.247748820378
2012-06-23,31.18046587605219,95,9.429281542414234,1013.2101655860831
2012-06-24,30.456550602971344,66,3.7587537696052316,1013.4134881653099
2012-06-25,28.045690604535885,78,9.887178721569036,1017.1757953634296
2012-06-26,19.538436176637106,95,5.109689329770884,1007.501517896174
2012-06-27,23.41795775152599,65,2.2020572237564333,1005.7300561332544
2012-06-28,31.065488499895917,83,8.965830872038339,1018.348944417523
2012-06-29,25.708584568199523,55,4.873376044780855,1006.0400414683021
2012-06-30,36.59664769990847,69,7.241877763292982,1001.4003080988083
2012-07-01,26.96658919697186,72,9.845260040486941,1027.2779998785168
2012-07-02,25.960245582450156,51,0.976665828039753,1019.8809538137918
2012-07-03,23.454417678987493,49,1.4185983179818877,1032.6750239576534
2012-07-04,25.66770452391141,37,7.344339043896183,1022.8396765121695
2012-07-05,24.23765081809728,58,3.177337531306984,1002.318563483685
2012-07-06,28.54054338344295,69,2.250863271025941,1015.9636924005999
2012-07-07,29.78351158397292,59,0.8739378582874302,1004.8437174528175
2012-07-08,21.070052697460252,84,0.7075437638689172,998.4839040328171
2012-07-09,18.34383523221111,45,7.857613229638013,1010.5280060693002
2012-07-10,15.818973134483517,75,1.777117560010725,1024.8153287529913
2012-07-11,27.539956634562717,91,4.943345851725933,1017.7491271078751
2012-07-12,19.483166969130632,36,6.256019744205089,1001.0910586874123
2012-07-13,14.235547035237586,74,4.569342105404039,1010.1765842478726
2012-07-14,26.942893022654822,88,0.7575131971942145,1013.5713341465802
2012-07-15,37.46499758716395,85,7.943264274585134,998.1088754602915
2012-07-16,24.969645442300532,77,0.5998756331457081,1022.1317236524861
2012-07-17,29.19245387225821,56,7.737953996586098,1012.7126497374124
2012-07-18,25.409146792737825,82,8.986392690987167,1001.0940513906794
2012-07-19,24.505551734044285,64,4.611979250043136,1000.5282640625893
2012-07-20,29.595382414938843,80,5.587653494429083,1026.0066394492162
2012-07-21,23.548627279056742,66,5.031342229867711,1011.1918696785428
2012-07-22,26.336961570359513,86,4.1974818769226685,1026.903520289564
2012-07-23,26.608489030980067,37,8.930533086018423,1030.7215547990272
2012-07-24,21.659547731784755,49,8.99236835136491,1025.2244827285592
2012-07-25,29.960211747682614,82,3.690255464094578,1009.6656825338251
2012-07-26,24.125201216522957,41,6.343162663139631,990.0215288043272
2012-07-27,21.221274202535778,78,9.30562184038571,1018.1299630453483
2012-07-28,27.682549217852017,46,9.639555739942839,1035.9157636977855
2012-07-29,20.507660091044812,93,5.335110884009452,1014.6460992182617
2012-07-30,25.140905786845643,71,4.801835650201104,995.1018448120085
2012-07-31,24.95440501677898,58,3.147596001320995,1008.2512150356988
2012-08-01,30.42947782915789,48,9.609282795308895,1013.162667252332
2012-08-02,27.373491164399763,40,1.85673589249224,1004.0201143258021
2012-08-03,24.87486520627428,79,6.008380972453388,989.3604603202011
2012-08-04,29.088831496001436,87,3.1842275414270693,1014.0214922978488
2012-08-05,31.951037745086566,63,3.150578758304068,1007.1512375364238
2012-08-06,27.789051531759313,49,4.34720158007379,1032.726916608999
2012-08-07,25.051763099216902,79,9.988532890248718,1016.010334879828
2012-08-08,18.4408188382492,39,1.0221799149783095,1019.695788968984
2012-08-09,19.674431684623137,61,5.996147272933549,1013.8091385650395
2012-08-10,23.47387647822666,81,1.2844355013351332,1015.9373330317385
2012-08-11,21.952438989203586,44,1.9679478849099303,998.4770071163786
2012-08-12,24.06514348507277,32,4.675847946842538,1004.5983369477871
2012-08-13,25.283249624485535,66,5.3493712477911926,1025.8861470131935
2012-08-14,27.648463771783653,69,2.958527879462978,1017.0946196973019
2012-08-15,24.647506109704544,69,3.506342743306954,1011.0149308211749
2012-08-16,27.43250821913101,85,1.3261866924313641,1019.8617124146588
2012-08-17,25.3223720740506,52,3.38058794652038,1020.058619098406
2012-08-18,15.122667168230643,40,9.682305174115168,1034.9089463294422
2012-08-19,20.303323030906228,93,9.474720125888576,1016.6306634388558
2012-08-20,24.279562221391924,37,3.6813437563013576,1004.374924244897
2012-08-21,18.95152628579446,85,5.923112394648235,1013.8430351708433
2012-08-22,27.999643649981024,89,9.141156215553972,1021.0756562712138
2012-08-23,32.65375416171849,39,0.5587463150885184,1024.956590114287
2012-08-24,31.093809258486584,68,8.201493918207124,998.8496812787212
2012-08-25,23.93278564534896,57,9.50951075149473,1017.5370671949181
2012-08-26,32.45363068424976,78,1.3675944761687922,1006.0274507250189
2012-08-27,25.743337286010558,65,2.03375301731275,1009.3336807538055
2012-08-28,23.314570144409803,42,9.627089876327876,1023.4583962424339
2012-08-29,21.9329866822953,65,5.60663136458329,1022.462485394319
2012-08-30,23.487651567559357,55,0.6348680274813752,1008.2184753880244
2012-08-31,23.059115907293858,33,2.947503988253527,1013.4215797895991
2012-09-01,25.85208111187744,93,4.774464905554167,1009.6391820487914
2012-09-02,25.802869905249324,67,7.082634654735293,1043.9170298995678
2012-09-03,25.015230100767074,51,7.465023592299596,1017.7835816644537
2012-09-04,27.184690848731748,31,9.956504372791834,1006.605184087272
2012-09-05,30.953231373931708,60,3.2313563941457106,1028.2216714622114
2012-09-06,29.747770677206617,40,5.613090967750515,1028.574613656833
2012-09-07,17.575510157750482,75,5.566573704666247,1032.9167071052354
2012-09-08,12.230394325490225,91,4.353629964748756,1035.879936825101
2012-09-09,29.67159955619637,98,2.1070379915029918,1022.0771488286613
2012-09-10,18.165606507922895,93,9.785837350246505,1011.5014825622187
2012-09-11,23.87617299053658,39,8.606513273332567,1012.9738323239568
2012-09-12,19.149434869703203,69,5.234163768795254,1012.0792469839346
2012-09-13,15.9900978120999,53,6.230831515498283,1010.9624463282097
2012-09-14,27.70731364102394,73,2.658980008816792,1027.3993680728859
2012-09-15,28.795775801513233,89,5.665977168721596,1015.0072090693598
2012-09-16,22.1174479963664,91,7.10221626465402,1024.7142186481622
2012-09-17,12.044788539275451,46,5.394086769672594,1021.7651655478099
2012-09-18,22.268777758737585,94,9.907709120556943,1004.0134503687792
2012-09-19,26.959020027012734,86,6.307745734353399,997.8282333013772
2012-09-20,17.605442156129357,84,4.024250269625606,1002.6333703331494
2012-09-21,25.91679959889578,82,7.835444262350462,1010.7329363226921
2012-09-22,24.923450754135022,85,2.1193938600255997,1016.3432810026787
2012-09-23,27.896457498005443,38,4.152900230209532,1008.5169967265562
2012-09-24,25.597901842070765,51,3.7961100285870657,1022.030651467411
2012-09-25,20.13465529559222,42,4.602167403523884,1009.7231480558304
2012-09-26,30.982857508322457,77,7.9269083463229,1017.5695743818394
2012-09-27,24.20735213486515,47,5.099643805552371,1016.1758168066189
2012-09-28,24.86347730245034,69,8.043137277526647,1032.3443309178738
2012-09-29,20.333660204634022,46,5.976644579828726,1005.2475907489973
2012-09-30,22.783588744042447,44,3.749659629246776,1037.084190911547
2012-10-01,20.575986429865495,44,8.194798064992987,1009.0565014726039
2012-10-02,24.135269700382885,92,2.76375187025437,1001.5994310963919
2012-10-03,33.558542400711715,68,2.631638308098057,1012.8308500957346
2012-10-04,18.140494285343216,42,5.292777778520939,1047.401391486368
2012-10-05,16.932193010616295,61,2.9780678366398448,1023.9520523501862
2012-10-06,32.35585163746804,38,0.5863268320365551,1021.0296410344126
2012-10-07,23.95338161424067,69,6.658826509338614,1022.9518686164153
2012-10-08,21.654636306700418,49,5.355391303987781,1007.304065354977
2012-10-09,30.19952343698038,92,4.732419237685031,1018.2604437636586
2012-10-10,21.97192230131568,73,9.686200888873996,1015.0250230031712
2012-10-11,34.13004856773468,67,5.92639224764768,1033.090667486444
2012-10-12,28.389629356696346,89,8.702599988999152,1013.9131228341334
2012-10-13,22.560442959271487,77,1.8247772439490215,1011.2172345542259
2012-10-14,35.786541066327516,47,5.907461399729563,1003.3520060263088
2012-10-15,21.97142538498331,45,8.745806453943578,1016.4001448687561
2012-10-16,28.710476860046533,84,6.039504694159031,1017.9295183351884
2012-10-17,26.49646290203246,68,7.321134692206514,1002.9841181185948
2012-10-18,31.50870644699399,97,4.0344138942159695,1019.5316360406058
2012-10-19,32.807555983634266,88,1.3782704118521327,1017.3317952379485
2012-10-20,25.160020745328833,91,4.850052803707179,1025.1344575988376
2012-10-21,21.232910648269083,42,4.247554212969146,1027.123681179019
2012-10-22,27.299860714695583,35,8.7370717326,1015.9427929361428
2012-10-23,21.61142315123947,89,2.8179553723484863,1004.6363511586791
2012-10-24,35.066936237633115,43,9.683975161583527,1006.6937841945536
2012-10-25,25.682676655413687,83,9.602312138142713,1032.6212766307908
2012-10-26,23.173392243439455,33,2.8525006091786675,1016.6548939312256
2012-10-27,25.923401529324543,68,3.8064935770345447,1032.4615377955106
2012-10-28,18.264368552351517,54,9.007779538301907,1019.9860481848723
2012-10-29,20.141929807446743,61,9.68291109851302,1022.5373563717845
2012-10-30,31.00206953972213,88,4.712671476942418,1024.3872361623817
2012-10-31,21.71552860514302,92,3.549471933588529,1002.7686118559058
2012-11-01,19.7654450865903,67,5.497893125889649,1018.0695075011253
2012-11-02,27.68326376263643,82,7.03380746047448,1002.6300109863794
2012-11-03,30.928520773314986,96,3.098007896062308,1012.1508765212253
2012-11-04,28.594766553325336,57,7.496495158881191,1021.4016963612305
2012-11-05,29.980238429029082,32,0.9907448925890898,1004.7466610946755
2012-11-06,21.216024557152696,51,0.9682976812619561,1020.5933732452767
2012-11-07,17.89094666629078,67,4.16973319888268,1000.0163101453417
2012-11-08,32.506668259777435,91,3.8579953245768457,1026.4331982396156
2012-11-09,23.38660080578932,86,3.4985155459879467,1008.3556281789465
2012-11-10,23.745834917724764,35,5.164687745354645,1004.7288257578122
2012-11-11,31.640970709245288,61,3.5469690319599265,1000.6464408400892
2012-11-12,27.7811500470033,39,2.326450225446873,1009.2064616716234
2012-11-13,27.27943886040804,32,3.4399607163417087,995.923881930432
2012-11-14,35.825011724505416,88,9.761590591697232,1009.5160086089166
2012-11-15,21.782408848099287,78,4.405577461451061,1025.9948702533309
2012-11-16,29.639200640406187,88,4.7247713801541895,1013.1128840026016
2012-11-17,25.285065624485423,60,5.97717740453583,1003.2248138409336
2012-11-18,26.342961394316283,98,9.841737299935152,1017.262633165688
2012-11-19,32.64234213206266,91,2.7952121261397487,1016.378957758749
2012-11-20,27.53917878144812,81,6.972180050058121,1034.566099625857
2012-11-21,27.691480395248163,70,7.301854588646379,1022.9072101854041
2012-11-22,30.36253668654901,60,6.2695819595341264,1018.0559812717285
2012-11-23,23.175236352285573,51,1.3414942265481187,1024.0506654835954
2012-11-24,20.803951663304968,33,6.930286620361977,1013.6561893181994
2012-11-25,19.775954029894834,42,1.108899754843667,1014.245868190938
2012-11-26,15.16821705311999,74,6.163355170724021,1031.5894030343156
2012-11-27,35.28103564970161,71,7.526021183606555,998.6442097318375
2012-11-28,19.483958171391585,78,2.504213960889529,1024.6794551314094
2012-11-29,23.89373188207114,49,8.495409071656354,1013.8920852431222
2012-11-30,23.615933500555396,83,0.7883611525635406,1012.0851057874664
2012-12-01,26.537033489045506,65,8.516222204753907,1009.4710406630629
2012-12-02,29.078686062696484,30,4.873125981106268,1016.5367402056419
2012-12-03,29.302367441798726,44,2.5670854293506227,1014.5647053349534
2012-12-04,22.08461280715531,46,1.7708923774426961,1010.8529761327303
2012-12-05,24.164391431067944,53,9.556418092032539,1007.9734225488335
2012-12-06,26.412899752441497,87,1.1903230820209887,995.9466954754906
2012-12-07,23.756544369082263,52,2.3913874893912936,1007.7619625564834
2012-12-08,33.03672788009996,75,3.8043123006139368,1009.8770485373902
2012-12-09,27.454874758191256,37,6.392231065130645,1016.5123107216684
2012-12-10,28.674388930249087,88,5.675610310122934,1034.630858846815
2012-12-11,28.314406343337062,88,1.693613177916983,1008.8404380648658
2012-12-12,30.867369287426627,42,3.2524158455130388,1004.7626914625283
2012-12-13,25.905107793518535,68,2.7681418253172287,1007.855039086969
2012-12-14,18.515840260220767,57,2.528657117658243,1016.5334476760212
2012-12-15,26.998439758763208,90,4.405871196559877,1020.8863545979627
2012-12-16,21.743215531040853,45,7.188298799620741,1022.2834521306954
2012-12-17,22.356916591251217,31,2.5658028560637414,1023.2770799823427
2012-12-18,27.931820093775467,46,3.9834493571783236,1024.6923058761197
2012-12-19,31.19141535716818,59,4.213715554991042,1012.2111636252683
2012-12-20,25.106357883680307,42,9.776337029636396,1035.531401837412
2012-12-21,26.544165062994818,42,9.569330390351155,1011.4523147884123
2012-12-22,33.51107472317619,72,8.101307036144721,1016.0934057634091
2012-12-23,26.203765897442842,50,2.795759747782259,1027.958270717727
2012-12-24,38.008415570901974,84,1.1463544838708621,1020.6642502798777
2012-12-25,27.82754822815772,69,3.510589308345935,992.5915325597726
2012-12-26,16.19618620422091,44,3.034548219621393,1015.0563583029685
2012-12-27,28.766708105522664,81,5.306295101390742,1023.6196475608649
2012-12-28,26.90579192441389,82,7.888415145644034,1001.5652972047044
2012-12-29,31.448763770413727,81,8.654067919349151,1022.5069279512899
2012-12-30,28.36590675634979,59,8.526208811399831,1018.9015394001345
2012-12-31,24.307720080081133,62,3.916917831619144,1026.8392048385138
2013-01-01,18.878508818553172,86,7.0287262628764875,1008.0806867766136
2013-01-02,23.954883713569874,81,3.4719248764800903,1024.9589341558924
2013-01-03,20.7473977289535,38,1.0786026607342358,1016.5960824740083
2013-01-04,22.097382750976386,83,7.164870023227952,1032.6605030405228
2013-01-05,27.94289202210305,30,0.5933617494129846,1042.8604993781332
2013-01-06,33.34952252175703,73,4.387234580855641,1030.3833043905256
2013-01-07,26.973357649114906,38,3.6291030583697195,1019.8051867810823
2013-01-08,19.020584689824076,61,7.087086615929098,1038.2100399606181
2013-01-09,27.223013341100703,44,7.7793319912236,1021.0347804166798
2013-01-10,30.983157433228257,41,3.3888990417271962,1005.9205428647738
2013-01-11,21.95108547840309,86,8.210456637226109,1014.6072669304842
2013-01-12,24.32991416663541,37,3.2922092247968706,1022.61672186295
2013-01-13,25.073440973645987,56,4.7401004198723315,1023.2595415562006
2013-01-14,21.075508434588798,91,7.406676006634273,1003.7473511019234
2013-01-15,28.241402169219295,41,7.082742177635492,1004.0646771354033
2013-01-16,24.395259256961094,94,9.880000486965901,1011.5869015379016
2013-01-17,27.097662219535138,71,2.6390297300513526,1020.3454361345619
2013-01-18,20.562539110989498,91,6.792020178626032,1021.6256254987992
2013-01-19,22.812708498382946,40,6.291978128619885,1016.4130512410482
2013-01-20,28.611906789138857,72,9.193435317655284,1006.6557126648236
2013-01-21,23.135834239541165,46,1.985440345626313,1032.3694294301931
2013-01-22,33.63481925616703,61,7.642082554075863,1004.2794193815696
2013-01-23,23.001819071926988,69,5.8985518545533,1028.0234074485377
2013-01-24,26.12342362875943,52,3.1093257629851014,1022.3882328345037
2013-01-25,29.662954159365448,85,5.0071316843981535,1027.8033230387173
2013-01-26,17.908171335334842,35,3.670877672163079,1010.5556670707708
2013-01-27,16.19595594009612,79,6.003477326490378,1013.573458019108
2013-01-28,17.371718427149524,66,8.945505802739326,1015.5504255728105
2013-01-29,31.31292051713591,93,5.908397351915919,1010.2360223939849
2013-01-30,22.240709270537767,83,6.501362974102548,1017.252584534951
2013-01-31,37.79099642834126,78,5.42810454758974,1030.790894560712
2013-02-01,22.178762006713058,40,0.9860723112320211,1002.0316615283202
2013-02-02,25.922756515985185,78,2.7121562903228953,1008.4278829178891
2013-02-03,32.71054976283938,50,5.174016429604786,1007.3425468129375
2013-02-04,35.03046444079561,95,3.447235195574695,1014.0558173786395
2013-02-05,35.30751788318199,92,2.226754178731345,1013.6447373102113
2013-02-06,31.041831152965713,57,5.2892619982251645,1022.7231458444071
2013-02-07,30.120312629057313,46,3.566693037754578,1015.3372310292137
2013-02-08,27.962634746005914,35,2.95202261014744,1018.0288327671931
2013-02-09,28.89180538083319,48,4.9078614656836175,1018.98448045512
2013-02-10,22.244071418357333,85,1.7662004517806449,1017.4540406120581
2013-02-11,20.909005582888465,57,9.313584464216369,1022.033130614576
2013-02-12,24.98312771294524,95,8.74316993023277,1013.7767661786726
2013-02-13,24.149076887375358,67,7.222395564535086,1031.46368396075
2013-02-14,22.733859753363625,66,1.509031362090334,1040.416198467188
2013-02-15,28.481937237283578,97,7.870833917462083,1022.0623097476707
2013-02-16,29.776526042852552,78,8.175594617035681,1017.2799116370907
2013-02-17,25.442034431459238,72,7.793763868286208,1021.2458230931725
2013-02-18,32.38765040527631,65,1.582675927632791,1003.9896691411635
2013-02-19,19.291554429332475,87,6.617125592143765,1016.8010546746541
2013-02-20,24.03170270360141,42,8.426085559619287,1007.6867539305139
2013-02-21,21.415888396985977,81,5.984857311586843,1020.0997691724033
2013-02-22,15.6673169146347,87,6.640870064666846,1007.7364069202285
2013-02-23,24.586596570786504,61,4.854453054549909,1011.552225546411
2013-02-24,24.39126245808358,89,5.5227195388984995,996.2802909447695
2013-02-25,32.567248716210656,87,0.8265801543413895,1003.2675431005233
2013-02-26,28.154058422773886,85,6.570148708746204,1018.5487380293605
2013-02-27,19.879065878353977,57,1.2737485224660123,1006.3115392168157
2013-02-28,34.27046283167094,30,4.632638646232122,1025.6377398378559
2013-03-01,31.105168477626766,71,3.280223427840374,1005.4611091158669
2013-03-02,27.91048851734308,77,5.681565527011275,1019.5325450128577
2013-03-03,23.86757950575084,69,1.7674551874704674,1007.3812437102824
2013-03-04,20.202803816382602,92,7.070612318746523,1018.8546977503353
2013-03-05,23.138966119644735,33,8.052609600820468,999.6521267090486
2013-03-06,30.44374309852093,67,2.0518672725599867,1010.4681702437044
2013-03-07,34.42293152967304,56,1.4909743298428806,1006.5378671471226
2013-03-08,32.71621764136094,38,1.882397086479912,1023.8323257530898
2013-03-09,22.55575289106863,45,8.832711838035767,1019.622624644542
2013-03-10,19.401912833554945,85,5.517797986685384,1002.6742394538452
2013-03-11,25.70443123455602,60,4.938979462071274,1012.9681926337912
2013-03-12,16.157803172185744,43,1.5137622814723657,1007.2768215727716
2013-03-13,26.615838570923906,54,6.670782064191137,1024.5025719386854
2013-03-14,24.261987068506656,63,8.745996123003355,1027.7152414765394
2013-03-15,22.66981749065879,96,8.367765758572803,1000.5835485348919
2013-03-16,17.02648466366602,53,6.447519735317612,1023.2670297438148
2013-03-17,27.568000532848583,55,1.2151478081908995,1006.7670393074229
2013-03-18,22.336495801690443,49,1.567771758172123,1012.4708322728068
2013-03-19,19.15041582144856,93,0.9684353775433344,1015.3225422906096
2013-03-20,10.638688933591753,39,2.9460525566784583,1033.1660616355548
2013-03-21,24.862425474746818,96,1.7887839380235886,1004.9615027296911
2013-03-22,33.86125798334872,53,2.970456382398122,1023.347497226433
2013-03-23,33.30629607273935,34,4.158051529330136,1003.2849559183038
2013-03-24,22.714518717068643,96,9.458336448675789,1002.5940641515926
2013-03-25,21.988939698191096,87,6.298572567926074,1015.2846344841915
2013-03-26,27.34387128037512,56,8.432250963988142,1015.2172949098972
2013-03-27,20.008072804058543,44,7.2483392567671565,986.6768168153075
2013-03-28,26.50895949909733,64,1.5687797400030017,1026.595962893755
2013-03-29,28.830401391923452,82,7.491243860552514,993.6088587556915
2013-03-30,31.13466611942154,73,3.113439374811682,1013.540625638867
2013-03-31,24.499229617600236,55,6.5715245464497105,1028.276154516053
2013-04-01,23.98163124911517,76,3.739138749608391,1037.0918396668867
2013-04-02,20.610087066217194,63,9.977886501014263,1011.3695013631142
2013-04-03,20.8655982298007,79,3.0037390552193894,1000.6705091638291
2013-04-04,23.867605540492367,41,3.151739472355562,1027.9054822576795
2013-04-05,26.83682753408089,33,9.341386427842783,1023.6515655012026
2013-04-06,29.567923131166246,77,0.7341218440450654,1010.1100771042153
2013-04-07,20.984105246598276,84,7.118545384795371,1008.8426254179079
2013-04-08,32.46344284479761,30,7.390600711990842,1007.8260783634057
2013-04-09,23.644381994787157,95,8.445596485398793,1011.5541346426537
2013-04-10,24.89316352825782,59,9.757173451065515,1018.1606814240163
2013-04-11,21.263941604260882,32,9.768218231988198,1009.3398541726323
2013-04-12,12.878798698635292,50,1.120129196881407,1010.6041972443776
2013-04-13,29.42022698180525,78,8.307473566152574,1021.4127901941058
2013-04-14,28.684219485462165,91,6.639944369745122,1000.1758585894113
2013-04-15,23.593362214408934,67,6.649750276544366,1011.2406428008642
2013-04-16,25.33495358612436,44,1.7193243028396006,998.240589809009
2013-04-17,27.579696088520496,81,6.6767780812337065,1016.084124733529
2013-04-18,17.187270715567287,75,9.833584515711854,995.6059459185813
2013-04-19,22.354736613268525,54,9.162276410624745,1023.9001012682643
2013-04-20,28.971323398109135,50,4.67174127764608,1001.8536260420799
2013-04-21,18.728552884153753,34,0.8795057462178962,997.2742143463854
2013-04-22,26.467789660833148,99,3.941788155001946,1011.3638670409838
2013-04-23,18.217090976882975,76,8.350707960205273,1032.1110729167706
2013-04-24,27.332149912167633,97,7.164241463919077,1022.1119245342157
2013-04-25,24.821792588512583,47,4.863764728142586,995.7768589454604
2013-04-26,16.924340920472453,50,1.0234645840088954,1001.5687473235546
2013-04-27,30.823696772285857,52,4.555499914321375,1011.043996267543
2013-04-28,21.327042116009753,93,4.955736927319894,1037.3835316177085
2013-04-29,20.948737814928094,96,9.321277562494291,1005.6104585203113
2013-04-30,26.002845986154714,69,6.590317984030515,1005.691147562968
2013-05-01,30.743186747143575,39,3.4607027082191646,1030.2742938688018
2013-05-02,19.920890905108017,81,5.490523512281853,1016.9490720526237
2013-05-03,25.30839924923986,90,1.1275254243105206,1025.5300002729873
2013-05-04,27.144082501652864,93,9.7393982386725,1007.7290045982404
2013-05-05,28.46552803631572,34,3.920569068341897,1013.9836415227095
2013-05-06,25.882207776386124,82,5.03973987167479,1028.1563186218825
2013-05-07,23.164860804583387,84,3.8751977552507646,1013.551591232642
2013-05-08,20.862048896756402,66,6.9838614361039015,1026.2305319752647
2013-05-09,25.430719415231874,85,6.791205504131134,1018.8726730043453
2013-05-10,19.639304940071966,88,7.295561950026789,1004.6037092158108
2013-05-11,10.393247582526964,98,3.047360681313248,1014.8368278765398
2013-05-12,27.182799020788337,88,3.498850571058627,1024.8138399227503
2013-05-13,29.519674205430977,31,1.6898866954139755,1021.6941619118688
2013-05-14,13.185337822290808,94,6.72734473253807,1014.5974710157917
2013-05-15,19.95134647645031,89,0.8780727096886992,996.082856110285
2013-05-16,28.095771305025988,80,6.177982187472861,997.0400851859029
2013-05-17,35.2874773485585,59,8.762110906090522,999.1669441037288
2013-05-18,25.10396853837704,40,8.962905408751519,1009.8955779323345
2013-05-19,21.35998529385433,68,4.765858723514636,1011.2288212630655
2013-05-20,24.0855177944758,92,4.863385038024201,1000.2458859890597
2013-05-21,31.874382095740923,93,1.231207238576165,1025.2251279369602
2013-05-22,21.770179104377323,90,6.872267741708839,1002.3623092277945
2013-05-23,21.00403996674873,83,8.301964493542032,1001.2944095793299
2013-05-24,22.58628238908984,87,2.8242230187447737,1015.8823575388595
2013-05-25,20.233356958706437,85,4.502358375516964,1024.7390511999322
2013-05-26,25.613351579973976,63,8.46897369927007,1035.5485461981316
2013-05-27,33.1233922923478,60,8.832644442791736,1020.8254505450318
2013-05-28,26.615396365580146,81,2.8102098125101462,1030.7982971872361
2013-05-29,23.738232489368563,30,5.730421028142961,1002.8794334827344
2013-05-30,23.54094365542228,84,2.328684931040357,1036.59739260661
2013-05-31,17.184045956516716,51,1.467848259325787,996.3851554944451
2013-06-01,29.415548885735795,69,9.155644763223597,1009.9616074611232
2013-06-02,24.61081401493599,30,8.294821290205036,1020.6065251957878
2013-06-03,24.09760043204687,94,7.7203315671301525,998.9478298430406
2013-06-04,40.965537839224304,92,0.963280028724834,1005.7294990807467
2013-06-05,26.49376454182843,83,8.515423530747446,1004.1407747071037
2013-06-06,21.24104474952408,71,4.661418721101145,1011.8977899275027
2013-06-07,22.868212018972283,50,3.7527536713106664,1029.2158285667267
2013-06-08,30.742228545983775,51,5.691525429741076,1015.1682506628781
2013-06-09,25.56635205268882,67,1.3678558058737804,1010.3693605576598
2013-06-10,17.808610108413166,37,7.688142218847789,986.156756328218
2013-06-11,29.59614467287602,91,6.033133230438811,1019.6675520483858
2013-06-12,21.65927957230503,76,2.2726059202950912,1022.9001540897818
2013-06-13,34.366488881087726,46,2.288205897805933,997.9998023218978
2013-06-14,30.400240328573243,46,2.250362189940405,1014.3302764027748
2013-06-15,22.763390521706246,42,1.041522681743373,1016.9300819033205
2013-06-16,31.405081808675565,46,6.084085269031005,1024.646017573037
2013-06-17,25.339277552637018,67,8.483307687090827,1007.7523154175452
2013-06-18,29.263868375611096,74,0.6662330328801918,1006.246396389152
2013-06-19,27.423664086472375,35,0.9655441272270987,1010.4350270153163
2013-06-20,20.768216725045633,64,5.941317628525985,1027.844370527774
2013-06-21,21.78225083841269,43,8.285209011167497,1025.4384544217266
2013-06-22,30.149804087905807,90,3.6040194604020193,1014.7865469782759
2013-06-23,23.326123339467294,44,3.8213367886733605,1025.1977652718829
2013-06-24,22.981757683790015,83,6.165291726219372,991.3130879314784
2013-06-25,20.224387103253235,56,3.1050224466793965,1022.9165420609353
2013-06-26,27.117995327967307,42,0.7527794777379992,1003.8123383718615
2013-06-27,35.31262459621573,60,7.484670921965162,1032.6702449439586
2013-06-28,19.662335428728635,64,6.443674172943805,1004.3575528806678
2013-06-29,25.12109728336379,89,6.017181991028761,1006.4723783476636
2013-06-30,32.061102777077146,35,7.54599922542232,1020.6242373013118
2013-07-01,24.601793043771423,98,6.914692956839357,1021.5895413478104
2013-07-02,27.26185898124867,87,2.455878887694051,1010.5366792123282
2013-07-03,19.688032359265602,78,3.848569945961836,1018.7140403442303
2013-07-04,27.141535486038244,52,1.6980463459469375,1019.9537981532849
2013-07-05,24.064278674977256,63,1.7336416274698698,1018.9311465605804
2013-07-06,29.928649978399314,55,6.9238595903871225,1010.9544508244161
2013-07-07,30.936930257823754,76,8.656701016333733,1020.0521102408569
2013-07-08,37.94781821009307,34,9.645959546680821,1029.063704050165
2013-07-09,27.898165866067878,49,6.469297616719722,1002.7451152078118
2013-07-10,26.628981582910832,35,2.2489625719290913,1006.5993996445819
2013-07-11,25.97192150788668,99,1.5036782817648418,1015.2725563236058
2013-07-12,23.23416853594656,88,8.222084229599199,1004.4377595933197
2013-07-13,26.692419217308455,93,5.998186525419993,996.9659626577273
2013-07-14,23.522992949304854,47,6.373707699630339,1025.9312297588197
2013-07-15,25.84230488134807,33,7.9238898431697375,992.7121173397375
2013-07-16,31.5879876780398,46,7.18113366345829,1010.9761730247567
2013-07-17,19.967287173601793,43,8.427353402132919,1022.5894431975867
2013-07-18,30.699392805645225,42,1.0340321018688456,1017.6669978950207
2013-07-19,31.58557533669933,36,7.601446049091796,1011.1275063402105
2013-07-20,24.409657365044605,73,8.583101194559907,1004.0256042346504
2013-07-21,14.390725504957027,44,3.218282903353986,1018.4386781314794
2013-07-22,21.960890064527838,48,6.584249102935902,1005.1160556153312
2013-07-23,31.484972732805545,92,3.484539606451235,1017.6593258631826
2013-07-24,24.88565968850559,64,9.600725131583314,1016.4091764823476
2013-07-25,20.003488838525445,64,0.8175239381372856,1016.5103290905514
2013-07-26,22.47612539385891,48,6.008032016413073,1008.5968124082059
2013-07-27,29.203100132522763,49,2.081783696970393,1035.3500910933478
2013-07-28,27.7336678410069,64,7.266091949183007,1018.5820663387037
2013-07-29,23.80533950415153,61,2.1709576924772898,1012.2129107578036
2013-07-30,23.165877940926563,77,2.7361409880343968,1017.642705730618
2013-07-31,23.04120925478089,73,5.196522704934702,1007.2553835607569
2013-08-01,20.387949077507486,53,9.190932024970342,1011.1369550152209
2013-08-02,33.07687844734721,90,2.511286535405723,1038.9191993211953
2013-08-03,23.3883976539433,46,1.8702802006219834,1007.326191935577
2013-08-04,31.085792604127484,79,7.710279902613291,1014.2222729973558
2013-08-05,32.60658025961226,94,5.255885557172344,1010.4389515025024
2013-08-06,29.9915544907398,61,9.161958567626828,1004.6036605717522
2013-08-07,22.841898436409757,65,1.8928382930185017,1019.2108499021981
2013-08-08,27.018650451683047,42,6.636314983718874,1015.3647217665421
2013-08-09,24.879021968045418,99,2.712351888442243,1024.1102730899993
2013-08-10,20.48149069634936,87,1.9892240721905734,1023.1057792033
2013-08-11,26.621796408608017,43,6.99257944399407,1024.00707719042
2013-08-12,19.10480104420099,66,6.140003889132966,1005.81796627149
2013-08-13,30.93839694230782,97,7.670860854442147,1021.4096079920309
2013-08-14,22.676913513508033,69,3.4398944762387322,1021.6527150629009
2013-08-15,26.005798279364196,88,4.755730735630804,1004.7893700179314
2013-08-16,26.41643935773071,45,4.351980925138975,1011.8138375777276
2013-08-17,23.705475131479613,91,9.848849907681885,1000.4388790352103
2013-08-18,27.933469007376374,33,3.276365089024185,1021.6962263238029
2013-08-19,22.62548171688738,74,3.3007637642942855,1021.6502246944398
2013-08-20,29.35648648728622,57,3.8682079838717702,1029.3036279911835
2013-08-21,18.270101598766257,95,5.8636437722580546,1012.7120149218565
2013-08-22,25.63189789773206,60,2.8970660705055797,1019.5146958656379
2013-08-23,34.694644995291426,32,9.195254433603102,1024.877351010253
2013-08-24,19.998343376972127,37,3.024012866229503,1007.4610847144531
2013-08-25,21.611275147375743,53,9.010249449821849,1005.940348586823
2013-08-26,27.569539248294575,44,1.4830131046425543,1007.7711479892383
2013-08-27,25.89790890969799,72,6.737345672796697,1011.5070453179478
2013-08-28,26.753150496367795,60,9.116362425163315,1006.2944564435385
2013-08-29,27.445935650738317,74,2.1031196647831805,1008.2017229003877
2013-08-30,28.17360734280885,95,9.699106120942922,1023.8091516903324
2013-08-31,30.548499209781117,37,4.802391923947361,1014.0365336850571
2013-09-01,27.049093284642563,86,9.484293530189733,1018.0669837365944
2013-09-02,23.793711726907286,59,6.9297904144854465,1009.4928321188142
2013-09-03,28.362868506013655,47,3.36507526379874,1008.8363457081766
2013-09-04,34.49940967447608,98,2.288873986712511,1017.855558895404
2013-09-05,24.33683126808713,68,3.385482939138444,1016.260623280034
2013-09-06,20.127353476646793,89,1.3836653879954124,1022.7798667830807
2013-09-07,30.53540334643486,72,1.8667456802616327,1028.01592998004
2013-09-08,24.398094180232007,74,1.494274183291571,1008.085877957236
2013-09-09,14.136652269929819,52,4.517963665544799,1023.6118453776378
2013-09-10,29.23710838575211,98,8.057994574447072,1004.2019383230684
2013-09-11,22.323359070230385,35,1.8431437650552318,1035.7377868280328
2013-09-12,24.547333588479198,85,1.7380441151371908,1007.1369594686167
2013-09-13,26.659901652845072,33,6.612575020414642,1021.9063056975676
2013-09-14,25.952498398895333,52,2.3732383286966297,1004.1275966125534
2013-09-15,28.5472590856952,35,1.4272953620354203,1013.479091138532
2013-09-16,22.822568147150783,61,2.0850614929529874,1030.4573314215352
2013-09-17,27.565528990880413,47,9.275448260829373,1006.8229584801393
2013-09-18,23.702266612080415,44,8.303976901373812,1037.0418616788622
2013-09-19,28.694052404437514,69,3.863613342373394,1014.9472440289095
2013-09-20,28.076837420065267,35,6.730297289610232,1024.7571253798267
2013-09-21,20.322806489777022,92,5.604118899846362,1019.029445735036
2013-09-22,30.42991058087516,96,6.932680503084358,1019.5704006559637
2013-09-23,22.32018277442976,40,6.9853759483962135,1000.7388628285689
2013-09-24,29.040288991405724,72,6.472973143069932,1010.2714720702195
2013-09-25,26.836436567006704,46,3.027963001104432,1026.9597646248371
2013-09-26,34.190918383975614,33,0.8705609972467723,1011.5567879823001
2013-09-27,23.88267008814074,92,4.827884428906033,1016.3883208271782
2013-09-28,23.253416019409013,97,8.964251904561687,999.5257787163085
2013-09-29,24.902901970561338,70,5.9102239559264715,1009.6242305899925
2013-09-30,23.484101085828623,34,8.407714896168125,1026.2303929763148
2013-10-01,28.99970950971025,61,9.920431258131668,1002.1737056807306
2013-10-02,16.91844695781706,99,2.0543539393136245,1022.1707903699617
2013-10-03,19.73158790426823,64,7.071887571848832,1016.7777813858498
2013-10-04,19.660985392104035,51,6.905788950150234,1012.6404451397682
2013-10-05,29.75153795986788,94,9.809576749903645,1012.2007545767799
2013-10-06,33.553066862909624,51,9.863206972551604,1010.0897030192201
2013-10-07,24.477753907312643,40,7.02344681137923,1010.9802902794304
2013-10-08,24.155891384049948,32,2.8143405238308454,1024.2974022481117
2013-10-09,25.350260815565907,38,8.08628046224069,1010.6795618575522
2013-10-10,30.809391513040953,89,1.516776775004862,1033.075903221923
2013-10-11,20.36323432904713,43,7.916643389630472,1017.9953250304321
2013-10-12,26.191844913673926,47,9.146863179374616,1009.2373807097173
2013-10-13,29.87598814891215,52,4.136917250300135,1024.7336595248562
2013-10-14,27.505470849699226,76,6.491035302339265,1021.2389594307658
2013-10-15,25.947908082993717,98,4.58635595491985,998.4582355977234
2013-10-16,30.005230462835705,76,4.65876802238722,1004.6552864298246
2013-10-17,11.483838535003814,59,3.4485234465271404,1013.8457969879759
2013-10-18,28.38937659765454,54,7.740231394278084,999.163920655798
2013-10-19,21.72962158436288,57,9.3936773595818,1035.905299019716
2013-10-20,15.846835515717716,54,9.437133162727381,1023.2223218203934
2013-10-21,27.556012997624904,87,2.160422206311871,1014.8666715296354
2013-10-22,31.86829272581479,70,8.810064671737377,1011.5729344638673
2013-10-23,24.31275742686154,54,7.50559869355766,1009.00336345641
2013-10-24,29.764372736014693,77,2.901955306557748,995.359678420291
2013-10-25,33.06139128994323,39,1.1392038227543884,997.6712634835437
2013-10-26,31.57457226792024,40,3.0459740354015907,1034.011207312676
2013-10-27,33.199822646856965,50,9.165978249424494,1030.735996392326
2013-10-28,28.71063745535946,74,6.5151974115098366,1009.2422224507596
2013-10-29,25.377168194507963,36,7.350019278529783,1024.0799915618245
2013-10-30,16.990170940514158,93,2.9429473355364104,1020.0642077499704
2013-10-31,23.769687559350256,93,7.334187477960793,1021.2428795664885
2013-11-01,20.783767023419042,31,0.7671543096402758,1000.7482223549929
2013-11-02,35.85471358748907,71,4.065552784843631,996.9182207746984
2013-11-03,24.120570937838316,83,6.454156811152147,1026.825943590699
2013-11-04,25.61602403392243,45,1.887917372642542,995.2070169696317
2013-11-05,27.75742688020234,47,8.31853395724588,1013.5180645861749
2013-11-06,25.218012231862268,88,2.732797338713227,1011.3229767378222
2013-11-07,33.47525520215376,45,6.69667057177524,1010.3984903832359
2013-11-08,21.88675319132774,35,4.349372854465631,1018.1445082229066
2013-11-09,25.973037276186215,86,6.162414157037648,1008.2240757022155
2013-11-10,21.28764707150976,76,1.5207802499746272,1018.9573546246505
2013-11-11,18.39988744389647,77,0.6606715992552696,1016.411554146912
2013-11-12,21.941154545473573,71,9.14086206011286,1035.9873235405043
2013-11-13,24.81481601475794,89,3.0614850832882365,1001.1459060818187
2013-11-14,22.8534888774137,33,8.28693152641436,1015.2926898390483
2013-11-15,21.53789510063072,31,9.993827854485902,1019.3134509987776
2013-11-16,17.96841268164083,88,2.508596950989656,1012.4359744446771
2013-11-17,24.584472136856526,56,3.019122041241878,1001.6292489211216
2013-11-18,17.476398129844988,56,6.797167982529324,1027.571027806552
2013-11-19,28.80027981844801,36,9.671762028705903,1018.3693433014405
2013-11-20,25.412198764672517,92,9.200236307812068,1002.331032870734
2013-11-21,17.71224250267535,75,5.277317440623056,1019.3866796255826
2013-11-22,23.453954614750682,92,8.053547684003885,1032.0156607005285
2013-11-23,21.239217972047083,41,1.7895856044490601,1014.6368406658409
2013-11-24,26.5958725520959,42,9.785662749938117,1014.9778733052943
2013-11-25,31.70225223011572,72,9.661355723341872,1030.6800503104332
2013-11-26,15.624137651771278,46,2.0554250998521244,1005.2961601824875
2013-11-27,25.575130395737087,92,3.3445196856295127,1032.2755204262069
2013-11-28,24.199336022166797,65,1.4514724763142859,1024.7291107036824
2013-11-29,28.356700382252328,37,3.081317189532707,1005.7578103601999
2013-11-30,26.065983141188447,98,8.251579999444463,1008.3173100015589
2013-12-01,21.240153341305906,65,4.093998268069965,1009.7518716631771
2013-12-02,23.40473032166691,57,1.3397711878942045,996.6643578601291
2013-12-03,21.019870715982556,76,3.751142485399593,1017.6047174907088
2013-12-04,30.38003569299299,59,9.823141675292161,1006.2105299675214
2013-12-05,25.10655824335971,52,6.481994154962428,1017.9655132143131
2013-12-06,34.50595342876504,45,4.453528990858499,1002.0905674967478
2013-12-07,24.696695930926897,43,2.082115878224065,1024.230132368945
2013-12-08,21.457966165447687,81,9.8686795741951,1022.376259301305
2013-12-09,17.431428036935863,66,8.298065587999723,1007.9412098593979
2013-12-10,15.984301618720275,58,3.1740343732837344,1018.5964915788212
2013-12-11,17.079320284972553,96,1.1656526093512998,1015.8292055930958
2013-12-12,26.335633255057417,44,1.0379427950868014,1029.8229948615292
2013-12-13,27.54362511614967,76,1.6435924203025714,1004.6752103210513
2013-12-14,17.094046489839332,75,6.0173015443370055,1013.4770202150586
2013-12-15,29.475191570380577,81,9.323252501452178,1008.5931636329223
2013-12-16,22.5846947415828,48,5.219062566056852,1015.4481819710016
2013-12-17,25.733965059927748,50,8.507982083333873,1020.332736027836
2013-12-18,33.06110314127712,93,4.735922888668174,1008.481926219263
2013-12-19,29.48419657932766,66,7.23154368479434,1011.3589377861078
2013-12-20,23.657346760470837,56,7.4527910042217576,1024.6604079805736
2013-12-21,20.544038872923565,84,2.1526552060817172,1028.5732466192644
2013-12-22,14.240922993353475,58,3.931552560270212,1019.9351603520288
2013-12-23,21.4042334037879,49,6.554370487111227,1013.6203690125684
2013-12-24,23.944348805861527,54,1.1716177777514787,1012.6690307896286
2013-12-25,20.06410236424408,99,3.9346317837480878,1020.4812632872729
2013-12-26,24.343715164538477,92,5.580594929671328,1017.2776700140487
2013-12-27,25.384259414793842,65,9.964132683924067,998.510241621087
2013-12-28,23.875720090959607,31,5.008068844913187,1020.723852323079
2013-12-29,21.7499870958827,51,8.252539192586074,1006.3943021057744
2013-12-30,25.84327335983364,45,4.604639208132869,1000.8306359152435
2013-12-31,27.209703247847045,47,8.065711864887234,998.3165511189127
